Site;Competition;Date;Month;Sample;Color;Acmaeodera_bipunctata;Agromyzidae;Andrena;Anthaxia;Anthidium;Anthomidae;Anthomyidae;Anthophora;Aphidae;Apinae;Apis;Apis_mellifera;Argidae;Asiidae;Asteiidae;Bethylidae;Bibionidae;Bombus_terrestris;Bombylidae;Braconidae;Buprestidae;Calliphora;Calliphoridae;Cantharidae;Cecidomyiidae;Cerambycidae;Ceraphronidae;Ceratina;Cetoniinae;Chalcididae;Chalcidoidea;Cheloninae;Chironomidae;Chrysididae;Cicadellidae;Cleridae;Coccinella_septempunctata;Coccinellidae;Coleoptera;Coreidae;Crabronidae;Culicidae;Curculionidae;Dasyscolia_ciliata;Dictyoptera;Diptera;Dolichopodidae;Droshopilidae;Drosophilidae;Dryinidae;Dyctioptera;Empididae;Eucera;Eumenidae;Eupelmidae;Eurytomidae;Evaniidae_;Figitidae;Formicidae;Gonepteryx_cleopatra;Halictidae;Halictus;Hemyptera;Heriades;Heterocera;Hoplitis;Hyaleus;Hymenoptera;Ichneumonidae;Insecta;Keroplastidae;Lampyridae;Lassioglosum;Lauxanidae;Lonchopteridae;Lophyra;Lucilia;Luciliinae;Megachile;Megachilidae;Megascolia_bidens;Megaspilidae;Melyridae;Micropezidae;Musceidae;Muscidae;Mycetophilidae;Mymarommatidae;Neuroptera;Nitidulidae;Nomada;Oedemeridae;Ortoptera;Osmia;Oxythyrea;Pallopteridae_;Phoridae;Pieris_brassicae;Pimplinae;Pipunculidae;Pompilidae;Psocoptera;Psychodidae;Rhodanthidium;Rhodanthidium_sticticum;Sacophagidae;Satyridae;Scatopsidae;Scelionidae;Sciaridae;Scolytidae;Sphecodes;Staphilinidae;Stratiomyidae;Syrphidae;Tachinidae;Tephritidae;Tipulidae;Trypoxylon;Tysanoptera;Vespidae;Xylocopa;Xylomyidae;Zygoptera
Algaida;No;22/04/2021;4;1;Yellow;0;0;0;0;0;0;0;0;2;0;0;0;0;1;0;0;0;0;0;0;0;0;2;0;0;0;0;0;0;0;0;0;0;0;2;0;0;0;0;0;0;0;0;0;0;3;0;0;0;0;0;0;0;0;0;0;0;0;0;0;0;0;0;0;0;0;0;2;0;0;0;0;1;0;0;0;0;0;0;0;0;0;0;0;3;0;0;0;0;0;0;0;0;0;0;0;0;0;0;1;0;0;0;0;0;0;0;0;0;0;0;0;0;0;0;3;0;0;0;0;0;0;0;0
Algaida;No;24/04/2021;4;2;Yellow;0;0;0;0;0;0;0;0;0;0;0;0;0;0;0;0;0;0;0;0;0;2;6;2;0;0;0;1;0;0;0;0;0;0;0;0;0;0;0;0;0;0;0;0;0;1;0;0;0;0;1;0;0;0;0;0;0;0;0;0;0;0;0;0;0;0;0;4;0;0;0;0;0;0;0;0;2;0;0;0;0;0;0;0;7;0;0;0;0;0;0;0;0;0;0;0;1;0;0;0;0;0;0;1;0;0;0;0;0;0;0;0;0;0;0;2;0;0;0;0;0;0;0;0
Algaida;No;26/04/2021;4;3;Yellow;0;0;0;0;0;0;0;0;1;0;0;0;0;16;0;0;0;0;0;0;0;0;0;1;0;0;0;0;0;0;0;0;0;0;0;0;0;0;0;0;0;0;0;0;0;2;0;0;0;0;1;0;0;0;0;0;0;0;0;0;0;1;0;0;0;0;0;7;0;0;0;0;0;0;0;0;6;0;0;0;0;0;0;0;11;0;0;0;0;0;0;2;0;0;0;0;3;0;0;0;0;0;0;0;0;1;0;0;0;0;0;0;0;0;0;5;0;0;0;0;0;0;0;0
Algaida;No;28/04/2021;4;4;Yellow;0;0;0;0;0;0;0;0;1;0;0;0;0;26;0;0;0;0;0;0;1;0;1;0;0;0;0;0;0;0;1;0;0;0;1;0;0;0;0;0;0;0;0;0;0;3;0;0;0;0;1;0;0;0;0;0;0;0;0;0;0;0;0;0;0;0;0;0;0;0;1;0;1;0;0;0;0;0;0;0;0;0;0;0;4;0;0;0;0;0;0;2;0;0;1;0;5;0;0;0;0;0;0;0;0;0;0;0;0;1;0;0;0;0;0;4;0;0;0;0;0;0;0;0
Algaida;No;02/05/2021;5;5;Yellow;0;0;0;1;0;0;0;0;0;0;0;0;0;74;0;0;0;0;0;1;0;1;0;0;0;0;0;0;0;0;2;0;0;0;1;0;0;0;0;0;0;0;0;0;0;3;0;0;0;0;0;0;0;0;0;0;0;0;0;0;0;0;0;0;0;0;0;2;0;0;0;0;1;0;0;0;1;0;0;0;0;0;0;0;3;0;0;0;0;0;0;9;0;0;0;0;7;0;0;0;0;0;0;0;0;0;0;0;0;0;0;0;0;0;0;9;0;0;0;0;0;0;0;0
Algaida;No;22/04/2021;4;1;Blue;0;0;0;0;0;3;0;0;0;0;0;0;0;0;0;0;0;0;0;0;0;0;1;0;0;0;0;0;0;0;0;0;0;0;0;0;0;0;0;0;0;0;0;0;0;2;0;0;0;0;0;0;0;0;0;0;0;0;0;0;0;0;0;0;0;0;0;0;0;0;0;0;0;0;0;0;0;0;0;0;0;0;0;0;1;0;0;0;0;0;0;0;0;0;3;0;0;0;0;0;0;0;0;0;0;0;0;0;0;1;0;0;0;0;0;2;0;0;0;0;0;0;0;0
Algaida;No;24/04/2021;4;2;Blue;0;0;0;0;0;2;0;0;0;0;0;0;0;0;0;0;0;0;0;0;0;0;1;1;0;0;0;0;0;0;0;0;0;0;0;0;0;0;0;0;0;0;0;0;0;0;0;0;0;0;1;0;0;0;0;0;0;0;0;0;0;0;0;0;0;0;0;0;0;0;0;0;0;0;0;0;0;0;0;0;0;0;0;0;5;0;0;0;0;0;0;0;0;0;2;0;0;0;0;0;0;0;0;0;0;0;0;0;0;0;0;0;0;0;0;0;0;0;0;0;0;0;0;0
Algaida;No;26/04/2021;4;3;Blue;0;0;0;0;0;0;0;0;0;0;0;0;0;3;0;0;0;0;0;0;0;0;2;1;0;0;0;0;0;0;0;0;0;0;0;0;0;0;0;0;0;0;0;0;0;2;0;0;0;0;0;0;0;0;0;0;0;0;0;0;0;0;0;0;0;0;0;0;0;0;0;0;0;0;0;0;0;0;0;0;0;0;0;0;1;0;0;0;0;0;0;0;0;1;1;0;4;0;0;0;0;0;0;0;0;0;0;0;0;3;0;0;0;0;0;2;0;0;0;0;0;0;0;0
Algaida;No;28/04/2021;4;4;Blue;0;0;0;0;0;0;0;0;0;0;0;0;0;1;0;0;0;0;0;0;0;0;1;1;0;0;0;0;0;0;0;0;0;0;0;0;0;0;0;0;0;0;0;0;0;3;0;0;0;0;0;0;0;0;0;0;0;0;0;0;0;0;0;0;0;0;0;0;0;0;0;0;0;0;0;0;0;0;0;0;0;0;0;0;1;0;0;0;0;0;0;0;0;0;0;0;0;0;0;1;0;0;0;0;0;0;0;0;0;0;0;0;0;0;0;0;0;0;0;0;0;0;0;0
Algaida;No;02/05/2021;5;5;Blue;0;0;0;0;0;0;0;0;0;0;0;0;0;16;0;0;0;0;0;0;0;0;1;0;0;0;0;0;0;1;0;0;0;0;1;0;0;0;0;0;0;0;0;0;0;0;0;0;0;0;0;0;0;0;0;0;0;0;0;0;0;0;0;0;0;0;0;0;0;0;0;0;0;0;0;0;0;0;0;0;0;0;0;0;0;0;0;0;0;0;0;1;0;1;0;0;2;0;0;0;0;0;0;0;0;0;0;0;0;0;0;0;0;0;0;0;0;0;0;0;0;0;0;0
Algaida;No;22/04/2021;4;1;White;0;0;0;0;0;0;0;0;0;0;0;0;0;1;0;0;0;0;0;0;0;0;3;0;0;0;0;0;0;0;0;0;0;0;0;0;0;0;0;0;0;0;0;0;0;2;0;0;0;0;0;0;0;0;0;0;0;0;0;0;0;0;0;0;0;0;0;1;0;0;0;0;1;0;0;0;0;0;0;0;0;0;0;0;2;0;0;0;0;0;0;0;0;0;2;0;3;0;0;0;0;0;0;0;0;0;0;0;0;0;0;0;0;0;0;1;0;0;0;0;0;0;0;0
Algaida;No;24/04/2021;4;2;White;0;0;1;0;0;0;0;0;0;0;0;0;0;0;0;0;0;0;0;0;0;0;0;1;0;0;0;0;0;0;0;0;0;0;0;0;0;0;0;0;0;0;0;0;0;8;0;0;0;0;0;0;1;0;0;0;0;0;0;0;0;0;0;0;0;0;0;0;0;0;0;0;0;0;0;0;0;0;0;0;0;0;0;0;1;0;0;0;0;0;0;0;0;0;1;0;0;0;0;0;0;0;0;0;0;0;0;0;0;1;0;0;0;0;1;3;0;0;0;0;0;0;0;0
Algaida;No;26/04/2021;4;3;White;0;0;2;0;0;0;0;0;0;0;0;0;0;13;0;0;0;0;0;0;2;0;0;1;0;0;0;0;0;0;0;0;0;0;0;0;0;0;0;0;0;0;0;0;0;3;0;0;0;0;0;0;0;0;0;0;0;0;0;0;0;0;0;0;0;0;0;0;0;0;0;0;0;0;0;0;0;0;0;0;0;0;0;0;1;0;0;0;0;0;0;0;0;1;2;0;6;0;0;0;0;0;0;0;0;0;0;0;0;0;0;0;0;0;0;3;0;0;0;0;0;0;0;0
Algaida;No;28/04/2021;4;4;White;0;0;0;0;0;0;0;0;0;0;0;0;0;6;0;0;0;0;0;0;1;0;3;1;0;0;0;0;0;0;0;0;0;0;0;0;1;0;1;0;0;0;0;0;0;1;0;0;0;0;0;0;0;0;0;0;0;0;0;0;0;0;0;0;0;0;0;2;0;0;1;0;0;0;0;0;0;0;0;0;0;0;0;0;0;0;0;0;0;0;0;1;0;1;0;0;4;0;0;0;0;0;0;0;0;0;0;0;0;0;0;0;1;0;0;0;0;0;0;0;0;0;0;0
Algaida;No;02/05/2021;5;5;White;0;0;0;0;0;0;0;0;0;0;0;0;0;31;0;0;0;0;0;0;0;0;1;1;0;0;0;0;0;0;1;0;0;0;2;0;0;0;0;0;0;0;0;0;0;3;0;0;0;0;0;0;0;0;0;0;0;0;0;0;0;0;0;0;0;0;0;0;0;0;0;0;0;0;0;0;0;0;0;0;0;0;0;0;0;0;0;0;0;0;0;0;0;0;0;0;4;0;0;0;0;0;0;0;0;0;0;0;0;1;0;0;0;0;0;3;0;0;0;0;0;0;0;0
Bellver;No;24/04/2021;4;1;Yellow;0;0;0;0;0;0;0;0;9;0;0;0;0;0;0;0;0;0;0;0;3;0;3;0;0;0;0;0;0;2;0;0;0;0;0;0;0;0;0;0;0;0;0;0;0;2;0;0;0;0;0;0;0;0;0;0;0;0;0;0;0;0;2;0;0;0;0;0;0;0;0;1;0;0;0;0;0;0;0;0;0;0;0;0;1;0;0;0;0;0;0;1;0;0;0;0;0;0;0;0;0;0;0;0;0;0;0;0;0;0;1;0;0;0;2;4;0;0;0;0;0;0;0;0
Bellver;No;26/04/2021;4;2;Yellow;0;0;0;0;0;0;0;0;3;0;0;0;0;1;0;0;0;0;0;0;1;0;4;3;0;0;0;0;0;0;0;0;0;0;0;0;0;0;0;0;0;0;0;0;0;5;0;0;0;0;1;0;0;0;0;0;0;0;0;0;0;0;0;0;0;0;0;0;1;0;2;0;0;0;0;0;0;0;0;0;0;0;0;0;2;0;0;0;0;0;0;0;0;0;0;0;0;0;0;1;0;0;0;0;0;0;0;1;0;0;0;0;0;1;2;3;0;0;0;0;0;0;0;0
Bellver;No;29/04/2021;4;3;Yellow;0;0;0;0;0;0;0;0;5;0;0;0;0;0;0;0;0;0;0;0;1;0;7;2;0;0;0;0;0;0;0;0;0;0;2;0;0;0;0;0;0;0;0;0;0;8;0;0;0;0;0;0;0;0;0;0;0;0;0;0;0;0;1;0;0;0;0;0;1;0;0;5;0;0;0;0;0;0;0;0;0;0;0;0;7;0;0;0;0;0;0;1;0;0;0;0;7;0;0;0;0;0;0;0;0;1;0;0;0;1;0;0;0;0;0;4;0;0;0;0;0;0;0;0
Bellver;No;07/05/2021;5;4;Yellow;0;0;0;2;0;0;0;0;5;0;0;0;0;4;0;0;2;0;0;0;3;0;2;2;0;0;0;0;0;0;0;0;0;0;1;0;0;0;1;0;0;0;0;0;0;1;0;0;0;0;0;0;0;0;0;1;0;0;0;0;0;0;1;0;0;0;0;0;0;0;0;2;0;0;0;0;0;0;0;0;0;0;0;0;0;0;0;0;0;0;0;3;0;0;0;0;2;0;0;0;0;0;0;0;0;1;0;0;0;0;1;0;0;0;0;2;0;0;0;0;0;0;0;0
Bellver;No;09/05/2021;5;5;Yellow;0;0;0;0;0;0;0;0;39;0;0;0;0;8;0;0;0;0;0;0;5;0;7;0;0;0;0;0;0;4;0;0;0;0;1;0;0;0;0;0;0;0;0;0;0;1;0;0;0;0;0;0;0;0;0;0;0;0;0;0;0;0;0;0;0;0;0;0;0;0;2;1;0;0;0;0;0;0;0;0;0;0;0;0;1;0;0;0;0;0;0;0;0;0;0;0;9;0;0;0;0;0;1;0;0;0;0;0;0;0;0;0;0;0;0;3;0;0;0;0;0;0;0;0
Bellver;No;24/04/2021;4;1;Blue;0;0;0;0;0;0;0;0;0;0;0;0;0;0;0;0;0;0;0;0;0;0;1;1;0;0;0;0;0;0;0;0;0;0;1;0;0;0;21;0;0;0;0;0;0;1;0;0;0;0;0;0;0;0;0;0;0;0;0;0;0;0;0;0;0;0;0;0;0;0;0;1;0;0;0;0;0;0;0;0;0;0;0;0;0;0;0;0;0;0;0;0;0;0;0;0;0;0;0;0;0;0;0;0;0;0;0;0;0;0;0;0;0;0;0;0;0;0;0;0;0;0;0;0
Bellver;No;26/04/2021;4;2;Blue;0;0;0;0;0;0;0;0;0;0;0;0;0;0;0;0;0;0;0;0;0;0;0;2;0;0;0;0;0;0;0;0;0;0;0;0;0;0;0;1;0;0;0;0;0;0;0;0;0;0;2;0;0;0;0;0;0;0;0;0;0;0;0;0;0;0;0;0;0;0;2;0;0;0;0;0;0;0;0;0;0;0;0;0;0;0;0;0;0;0;0;0;0;0;0;0;0;0;0;0;0;0;0;0;0;0;0;0;0;0;0;0;0;0;0;0;0;0;0;0;0;0;0;0
Bellver;No;29/04/2021;4;3;Blue;0;0;0;0;0;0;0;0;0;0;0;0;0;0;0;0;0;0;0;0;0;0;0;0;0;0;0;0;0;0;0;0;0;0;0;0;0;0;0;0;0;0;0;0;0;0;0;0;0;0;0;0;0;0;0;0;0;0;0;0;0;0;0;0;0;0;0;0;0;0;0;0;0;0;0;0;0;0;0;0;0;0;0;0;0;0;0;0;0;0;0;0;0;0;0;0;0;0;0;0;0;0;0;0;0;0;0;0;0;0;0;0;0;0;0;0;0;0;0;0;0;0;0;0
Bellver;No;07/05/2021;5;4;Blue;0;0;0;0;0;0;0;0;3;0;0;0;0;0;0;0;0;0;0;1;0;0;4;0;0;0;0;0;0;0;0;0;0;0;0;0;0;0;2;0;0;0;0;0;0;0;0;0;0;0;0;0;0;0;0;0;1;0;0;0;0;0;0;0;0;0;0;0;0;0;0;0;0;0;0;0;0;0;0;0;0;0;0;0;0;0;0;0;0;0;0;0;0;0;0;0;2;0;0;1;0;0;0;0;0;0;0;0;0;0;5;0;0;0;0;1;0;0;0;0;0;0;0;0
Bellver;No;09/05/2021;5;5;Blue;0;0;0;0;0;0;0;0;0;0;0;0;0;0;0;0;0;0;0;0;0;0;3;0;0;0;0;0;0;0;0;0;0;0;0;0;0;0;0;0;0;0;0;0;0;3;0;2;0;0;0;0;0;0;0;0;0;0;0;0;0;0;0;0;0;0;0;0;0;0;0;0;0;1;0;0;0;0;0;0;0;0;0;0;0;0;0;0;0;0;0;0;0;0;0;0;6;0;0;0;0;0;0;0;0;0;0;0;0;1;0;0;0;0;0;0;0;0;0;0;0;0;0;0
Bellver;No;24/04/2021;4;1;White;0;0;0;0;0;0;0;0;0;0;0;0;0;0;0;0;0;0;0;0;0;0;1;0;0;0;0;0;0;0;0;0;0;0;0;0;0;0;4;0;0;0;0;0;0;0;0;0;0;0;0;0;0;0;0;0;0;0;0;0;0;0;0;0;0;0;0;0;0;0;0;0;0;0;0;0;0;0;0;0;0;0;0;0;0;0;0;0;0;0;0;0;0;0;0;0;0;0;0;0;0;0;0;0;0;0;0;0;0;0;0;0;0;0;0;1;0;0;0;0;0;0;0;0
Bellver;No;26/04/2021;4;2;White;0;0;0;0;0;0;0;0;1;0;0;0;0;0;0;0;0;0;0;0;0;0;1;0;0;0;0;0;0;0;0;0;0;0;0;0;0;0;0;0;0;0;2;0;0;0;0;0;0;0;0;0;0;0;0;0;0;0;0;0;0;0;0;0;0;0;0;0;0;0;0;0;0;0;0;0;0;0;0;0;0;0;0;0;0;0;0;0;0;0;0;0;0;0;0;0;3;0;0;0;0;0;0;0;0;0;0;0;0;0;0;0;0;0;0;2;0;1;0;0;0;0;0;0
Bellver;No;29/04/2021;4;3;White;0;0;0;0;0;0;0;0;0;0;0;0;0;0;0;0;0;0;0;0;0;0;0;0;0;0;0;0;0;0;0;0;0;0;1;0;0;0;0;0;0;0;0;0;0;0;0;0;0;0;0;0;0;0;0;0;0;0;0;0;0;0;0;0;0;0;0;0;0;0;0;0;0;0;0;0;0;0;0;0;0;0;0;0;0;0;0;0;0;0;0;0;0;0;0;0;0;0;0;0;0;0;0;0;0;0;0;0;0;0;0;0;0;0;0;0;0;0;0;0;0;0;0;0
Bellver;No;07/05/2021;5;4;White;0;0;0;0;0;0;0;0;0;0;0;0;0;0;0;0;0;0;0;2;2;0;2;0;0;0;1;0;0;0;0;0;0;0;0;0;0;0;1;0;0;0;0;0;0;2;0;0;0;0;0;0;0;0;0;0;0;0;0;0;0;0;0;0;0;0;0;0;0;0;0;0;0;0;0;0;0;0;0;0;0;0;0;0;0;0;0;0;0;0;0;0;0;0;0;0;3;0;0;0;0;0;0;0;0;0;0;1;0;0;7;0;0;0;0;1;0;0;0;0;0;0;0;0
Bellver;No;09/05/2021;5;5;White;0;0;0;0;0;0;0;0;1;0;0;0;0;0;0;0;0;0;0;0;0;0;0;0;0;0;0;0;0;0;0;0;0;0;0;0;0;0;0;0;0;0;0;0;0;3;0;0;0;0;0;0;0;1;0;0;0;0;0;0;0;0;0;0;0;0;0;0;0;0;0;0;0;0;0;0;0;0;0;0;0;0;0;0;0;0;0;0;0;0;0;0;0;0;0;0;2;0;0;0;0;0;0;0;0;0;0;0;0;0;1;0;1;0;0;2;0;0;0;0;0;0;0;0
Bellver2;No;28/04/2021;4;1;Yellow;0;0;0;0;0;0;0;0;5;0;0;0;0;2;0;0;0;0;0;0;2;0;1;0;0;0;0;0;0;4;0;0;0;0;9;0;0;0;1;0;0;0;0;0;0;2;0;0;0;0;0;0;0;0;0;0;0;0;0;0;0;0;0;0;0;0;0;0;0;0;0;1;2;0;0;0;0;0;0;0;0;0;0;0;2;0;0;0;0;0;0;0;0;0;0;0;7;0;0;0;0;0;0;0;0;0;0;0;0;0;0;0;0;0;0;0;0;0;0;0;0;0;1;0
Bellver2;No;30/04/2021;4;2;Yellow;0;0;0;0;0;0;0;0;1;0;0;0;0;0;0;0;0;0;0;0;1;0;1;0;0;0;0;0;0;0;0;0;0;0;5;0;0;0;0;0;0;0;0;0;0;1;0;3;0;0;0;0;0;0;0;0;0;0;0;0;0;0;0;0;0;0;0;0;0;0;0;2;1;0;0;0;0;0;0;0;0;0;0;0;0;0;0;0;0;0;0;0;0;0;0;0;3;0;0;0;0;0;0;0;0;0;0;0;0;0;4;0;0;0;1;8;0;0;0;0;0;0;0;0
Bellver2;No;04/05/2021;5;3;Yellow;0;0;0;0;0;0;0;0;18;0;0;0;0;0;0;0;0;0;0;0;0;0;1;0;0;0;0;0;0;0;0;0;0;0;3;0;0;0;0;0;0;0;0;0;0;0;0;1;0;0;0;0;0;0;0;0;0;0;0;0;0;0;0;0;0;0;0;0;0;0;0;0;0;0;0;0;0;0;0;0;0;0;0;0;0;0;0;0;0;0;0;1;0;0;0;0;0;0;0;1;0;0;0;0;0;0;0;0;0;0;0;0;0;0;0;3;0;0;0;0;0;0;0;0
Bellver2;No;06/05/2021;5;4;Yellow;0;0;0;1;0;0;0;0;0;0;0;0;0;4;0;0;0;0;0;0;1;0;7;0;0;0;0;0;0;1;0;0;0;0;1;0;0;0;1;0;0;0;0;0;0;2;0;0;0;0;0;0;0;0;0;0;0;0;0;0;0;0;0;0;0;0;0;0;0;0;0;2;2;0;0;0;0;0;0;0;0;0;0;0;0;0;0;0;0;0;0;0;0;0;0;0;2;0;0;0;0;0;0;0;0;0;0;1;0;0;4;0;0;0;0;3;0;0;0;0;0;0;0;0
Bellver2;No;08/05/2021;5;5;Yellow;0;0;0;1;0;0;0;0;15;0;0;0;0;7;0;0;0;0;0;0;1;0;0;1;0;0;0;0;0;1;0;0;0;0;2;0;0;0;0;0;0;0;0;0;0;0;0;0;0;0;0;0;0;0;0;0;0;0;0;0;0;0;0;0;0;0;0;0;0;0;0;0;0;0;0;0;0;0;0;0;0;0;0;0;1;0;0;0;0;0;0;1;0;0;0;0;3;0;0;0;0;0;0;0;0;0;0;0;0;0;1;0;0;0;1;4;0;0;0;0;0;0;0;0
Bellver2;No;28/04/2021;4;1;Blue;0;0;0;0;0;0;0;0;0;0;0;0;0;0;0;0;1;0;0;0;0;0;3;0;0;0;0;0;0;0;0;0;0;0;0;0;0;0;0;0;0;0;0;0;0;1;0;0;0;0;0;1;0;0;0;0;0;0;0;0;0;0;0;0;0;0;0;0;0;0;0;0;0;0;0;0;0;0;0;0;0;0;0;0;0;0;0;0;0;0;0;0;0;0;0;0;4;0;0;0;0;0;0;0;0;0;0;0;0;0;0;0;0;0;0;0;0;0;0;0;0;0;0;0
Bellver2;No;30/04/2021;4;2;Blue;0;0;0;0;0;0;0;0;0;0;0;0;0;0;0;0;0;0;0;0;0;0;0;0;0;0;0;0;0;0;0;0;0;0;0;0;0;0;0;0;0;0;0;0;0;1;0;0;0;0;0;0;0;0;0;0;0;0;0;0;0;0;0;0;0;0;0;0;0;0;1;0;0;1;0;0;0;0;0;0;0;0;0;0;0;0;0;0;0;0;0;0;0;0;0;0;1;0;0;0;0;0;0;0;0;0;0;0;0;0;0;0;0;0;0;0;0;0;0;0;0;0;0;0
Bellver2;No;04/05/2021;5;3;Blue;0;0;0;0;0;0;0;0;1;0;0;0;0;0;0;0;0;0;0;1;0;0;0;0;0;0;0;0;0;0;0;0;0;0;0;0;0;0;0;0;0;0;0;0;0;0;0;0;0;0;0;0;0;0;0;0;0;0;0;0;0;0;0;0;0;0;0;0;0;0;0;0;0;0;0;0;0;0;0;0;0;0;0;0;0;0;0;0;0;0;0;0;0;0;0;0;1;0;0;0;0;0;0;0;0;0;0;1;0;0;0;0;0;0;0;2;0;0;0;0;0;0;0;0
Bellver2;No;06/05/2021;5;4;Blue;0;0;0;0;0;0;0;0;0;0;0;0;0;5;0;0;0;0;0;0;0;0;2;0;0;0;0;0;0;0;0;0;0;0;0;0;0;0;1;0;0;0;0;0;0;0;0;0;0;0;0;0;0;0;0;0;0;0;0;0;0;0;0;0;0;0;0;0;0;0;0;0;0;0;0;0;0;0;0;0;0;0;0;0;0;0;0;0;0;0;0;0;0;0;0;0;0;0;0;0;0;0;0;0;0;0;0;0;0;0;0;0;0;0;0;0;0;0;0;0;0;0;0;0
Bellver2;No;08/05/2021;5;5;Blue;0;0;0;1;0;0;0;0;0;0;0;0;0;1;0;0;0;0;0;0;0;0;1;0;0;0;0;0;0;0;0;0;0;0;2;0;0;0;1;0;0;0;0;0;0;0;0;0;0;0;1;0;0;0;0;0;0;0;0;0;0;0;0;0;0;0;0;0;0;0;0;0;0;0;0;0;0;0;0;0;0;0;0;0;0;0;0;0;0;0;0;0;0;0;0;0;1;0;0;0;0;0;0;0;0;0;0;0;0;0;0;0;0;0;0;0;0;0;0;0;0;0;0;0
Bellver2;No;28/04/2021;4;1;White;0;0;0;0;0;0;0;0;0;0;0;0;0;0;0;0;0;0;0;0;0;0;0;0;0;0;0;0;0;0;0;0;0;0;0;0;0;0;1;0;0;0;0;0;0;0;0;0;0;0;0;1;0;0;0;0;0;0;0;0;0;0;0;0;0;0;0;0;0;0;0;0;0;0;0;0;0;0;0;0;0;0;0;0;0;0;0;0;0;0;0;0;0;0;1;0;6;0;0;0;0;0;0;0;0;0;0;0;0;0;0;0;0;0;0;1;0;0;0;0;0;0;0;0
Bellver2;No;30/04/2021;4;2;White;0;0;0;0;0;0;0;0;0;0;0;0;0;0;0;0;0;0;0;0;0;0;0;0;0;0;0;0;0;0;0;0;0;0;0;0;0;0;0;0;0;0;1;0;1;1;0;1;0;0;0;0;0;0;0;0;0;0;0;0;0;0;0;0;0;0;0;0;0;0;0;0;0;0;0;0;0;0;0;0;0;0;0;0;0;0;0;0;0;0;0;1;0;0;0;0;0;0;0;0;0;0;0;0;0;0;0;5;0;1;1;0;0;0;0;1;0;0;0;0;0;0;0;0
Bellver2;No;04/05/2021;5;3;White;0;0;0;0;0;0;0;0;1;0;0;0;0;0;0;0;0;0;0;0;1;0;1;1;0;0;0;0;0;0;0;0;0;0;0;0;0;0;0;0;0;0;0;0;0;0;0;1;0;0;0;0;0;0;0;0;0;0;0;0;0;0;0;0;0;0;0;0;0;0;0;0;0;0;0;0;0;0;0;0;0;0;0;0;0;0;0;0;0;0;0;1;0;0;0;0;4;0;0;0;0;0;0;0;1;0;0;0;0;0;0;0;0;0;0;2;0;0;0;0;0;0;0;0
Bellver2;No;06/05/2021;5;4;White;0;0;0;0;0;0;0;0;0;0;0;0;0;3;0;0;0;0;0;0;0;0;9;0;0;0;0;0;0;0;1;0;0;0;1;0;0;0;0;0;0;0;0;0;0;2;0;0;0;0;1;0;0;0;0;0;0;0;0;0;0;0;0;0;0;0;0;0;0;0;0;0;0;0;0;0;0;0;0;0;0;0;0;0;2;0;0;0;0;0;0;0;0;0;0;0;4;0;0;0;0;0;0;0;0;1;0;0;0;0;0;0;0;0;0;1;0;0;0;0;0;0;0;0
Bellver2;No;08/05/2021;5;5;White;0;0;0;0;0;0;0;0;0;0;0;0;0;2;0;0;0;0;0;0;0;0;1;0;0;0;0;0;0;0;0;0;0;0;2;0;0;0;0;0;0;0;0;0;0;0;0;0;0;0;0;0;0;0;0;0;0;0;0;0;0;0;0;0;0;0;0;0;0;0;1;0;0;0;0;0;0;0;0;0;0;0;0;0;0;0;0;0;0;0;0;0;0;0;0;0;1;0;0;0;0;0;0;0;0;0;0;0;0;0;0;0;0;0;0;2;0;0;0;0;0;0;0;0
Burguesa;No;19/04/2021;4;1;Yellow;0;0;1;0;0;0;0;0;0;0;0;0;0;0;0;0;0;1;0;0;0;0;0;0;0;0;0;0;0;0;0;0;0;0;1;0;0;0;0;0;0;0;0;0;0;0;0;0;0;0;0;0;0;0;0;0;0;0;0;0;0;0;0;0;0;0;0;0;0;0;0;0;0;0;0;0;0;0;0;0;0;0;0;0;0;0;0;0;0;0;0;0;0;0;0;0;0;0;1;1;0;0;0;0;0;0;0;1;0;0;0;0;0;0;0;4;0;0;0;0;0;0;0;0
Burguesa;No;24/04/2021;4;2;Yellow;0;0;5;0;0;0;0;0;0;0;0;0;0;1;0;0;0;0;0;0;1;4;0;0;0;0;0;0;0;0;0;0;0;0;1;0;0;0;0;0;0;0;0;0;0;6;0;0;0;0;0;0;0;0;0;0;0;0;0;0;1;2;0;0;0;0;0;0;0;0;0;0;3;0;0;0;0;0;0;0;0;0;0;0;0;0;0;0;0;0;0;0;0;0;0;0;0;0;0;0;0;0;0;0;0;0;0;0;0;0;0;0;0;0;0;8;0;0;0;0;0;1;0;0
Burguesa;No;26/04/2021;4;3;Yellow;0;0;3;1;0;0;0;0;0;0;0;0;0;0;0;0;0;0;0;0;0;0;0;0;0;0;0;0;0;0;0;0;0;0;2;0;0;0;0;0;0;0;0;0;0;7;0;0;0;0;0;0;0;0;1;0;0;0;0;0;0;0;0;0;0;0;0;0;0;0;0;0;0;0;0;0;0;0;0;0;0;0;0;0;0;0;0;0;0;0;0;0;0;0;0;0;0;0;0;0;0;0;0;0;0;0;0;0;0;0;0;0;0;0;0;11;0;0;1;0;0;0;0;0
Burguesa;No;28/04/2021;4;4;Yellow;0;0;0;0;0;0;0;0;3;0;0;0;0;0;0;1;0;0;0;0;1;12;1;0;0;0;0;0;0;0;0;0;0;0;3;0;0;0;0;0;0;0;0;0;0;10;0;0;0;0;0;0;0;0;0;0;0;0;0;0;0;0;0;0;0;0;0;1;0;0;1;0;3;0;0;0;0;0;0;0;0;0;0;0;0;0;0;0;0;0;0;1;0;0;0;0;5;0;0;0;0;0;0;0;0;0;0;2;0;0;0;0;0;0;0;4;0;0;0;0;0;0;0;0
Burguesa;No;30/04/2021;4;5;Yellow;0;0;0;0;0;0;0;0;0;0;0;0;0;0;0;0;0;0;0;0;3;3;2;0;0;0;0;0;0;0;0;0;0;0;5;0;0;0;0;0;0;0;0;0;0;3;0;0;0;0;1;0;0;0;0;0;0;0;0;0;1;0;0;0;0;0;0;0;0;0;1;0;0;0;0;0;0;0;0;0;0;0;0;0;1;0;0;0;0;0;0;0;0;0;0;0;7;0;0;0;0;0;0;0;0;0;0;0;0;1;0;0;0;0;0;6;0;0;0;0;0;0;0;0
Burguesa;No;19/04/2021;4;1;Blue;0;0;0;0;0;0;0;0;0;0;0;0;0;0;0;0;0;0;0;0;0;0;2;0;0;0;0;0;0;0;0;0;0;0;1;0;0;0;0;0;0;0;0;0;0;0;0;1;0;0;0;0;0;0;0;0;0;0;0;0;0;0;0;0;0;0;0;0;0;0;0;0;0;0;0;0;0;0;0;0;0;0;0;0;0;0;0;0;0;0;0;0;0;0;0;0;0;0;0;0;0;0;0;0;0;0;0;0;0;0;0;0;0;0;0;0;0;0;0;0;0;0;0;0
Burguesa;No;24/04/2021;4;2;Blue;0;0;2;0;0;0;0;0;0;0;0;0;0;1;0;0;0;1;0;0;0;0;0;0;0;0;0;0;0;0;0;0;0;0;0;0;0;0;0;0;0;0;0;0;0;0;0;0;0;0;0;0;0;0;0;0;0;0;0;0;0;0;0;0;0;0;0;0;0;0;0;0;0;0;0;0;0;0;0;0;0;0;0;0;1;0;0;0;0;0;0;0;0;0;0;0;0;0;0;0;0;0;0;0;0;0;0;0;0;0;0;0;0;0;0;2;0;0;0;0;0;0;0;0
Burguesa;No;26/04/2021;4;3;Blue;0;0;0;0;0;0;0;0;0;0;0;0;0;0;0;0;0;0;0;0;0;0;0;0;0;0;0;0;0;0;0;0;2;0;4;0;0;0;0;0;0;0;0;0;0;2;0;0;0;0;0;0;0;0;0;0;0;0;0;0;0;0;0;0;0;0;0;0;0;0;0;0;0;0;0;0;0;0;0;0;0;0;0;0;0;0;0;0;0;0;0;0;0;0;0;0;0;0;0;0;0;0;0;0;0;0;0;3;0;0;0;0;0;0;0;1;0;0;0;0;0;0;0;0
Burguesa;No;28/04/2021;4;4;Blue;0;0;0;0;0;0;0;0;0;0;0;0;0;0;0;0;0;0;0;0;0;0;0;1;0;0;0;0;0;0;0;0;0;0;2;0;0;0;0;0;0;0;0;0;0;1;0;4;0;0;0;0;0;0;0;0;0;0;0;0;0;0;0;0;0;0;0;0;0;0;0;0;0;0;0;0;0;0;0;0;0;0;0;0;0;0;0;0;0;0;0;0;0;0;0;0;1;0;0;0;0;0;0;0;0;0;0;0;0;0;0;0;0;0;0;1;0;0;0;0;0;0;0;0
Burguesa;No;30/04/2021;4;5;Blue;0;0;0;0;0;0;0;0;0;0;0;0;0;0;0;0;0;0;0;0;0;0;4;0;0;0;0;0;0;0;0;0;0;0;1;0;0;0;0;0;1;0;0;0;0;0;0;0;0;0;0;0;0;0;0;0;0;0;0;0;0;0;0;0;0;0;0;0;0;0;1;0;0;0;0;0;0;0;0;0;0;0;0;0;0;0;0;0;0;0;0;0;0;0;0;0;1;0;0;0;0;0;0;0;0;0;0;0;0;1;0;0;0;0;0;3;0;0;0;0;0;0;0;0
Burguesa;No;19/04/2021;4;1;White;0;0;2;0;0;0;0;0;0;0;0;0;0;0;0;0;0;0;0;0;0;0;0;0;0;0;0;0;0;0;0;0;0;0;0;0;0;0;0;0;0;0;0;0;0;0;0;0;0;0;0;0;0;0;0;0;0;0;0;0;0;0;0;0;0;0;0;0;0;0;6;0;0;0;0;0;0;0;0;0;0;0;0;0;0;0;0;0;0;0;0;0;0;0;0;0;2;0;0;0;0;0;0;0;0;0;0;1;0;0;0;0;0;0;0;1;0;0;0;0;0;0;0;0
Burguesa;No;24/04/2021;4;2;White;0;0;0;0;0;0;0;0;1;0;0;0;0;0;0;0;0;0;0;0;1;0;0;1;0;0;0;0;0;0;0;0;0;0;0;0;0;0;0;0;0;0;1;0;0;0;0;2;0;0;0;0;0;0;0;0;0;0;0;0;0;0;0;0;0;0;0;0;0;0;0;0;0;0;0;0;0;0;0;0;0;0;0;0;0;0;0;0;0;0;0;0;0;0;1;0;0;0;0;0;0;0;0;0;0;0;0;1;0;0;0;0;0;0;0;2;0;0;0;0;0;0;0;0
Burguesa;No;26/04/2021;4;3;White;0;0;0;0;0;0;0;0;0;0;0;0;0;0;0;0;0;0;0;0;0;0;2;1;0;0;0;0;0;0;0;0;0;0;1;0;0;0;0;0;0;0;0;0;0;0;0;0;0;0;1;0;0;0;0;0;0;0;0;0;0;0;0;0;0;0;0;0;0;0;0;0;0;0;0;0;0;0;0;0;0;0;0;0;0;0;0;0;0;0;0;0;0;0;0;0;2;0;0;0;0;0;0;0;0;0;0;2;0;0;0;0;0;0;0;3;0;0;0;0;0;0;0;0
Burguesa;No;28/04/2021;4;4;White;0;0;0;0;0;0;0;0;0;0;0;0;0;0;0;0;0;0;0;0;0;0;2;0;0;0;0;0;0;0;0;0;0;0;3;0;0;0;0;0;0;0;0;0;0;5;0;0;0;0;0;0;0;0;0;0;0;0;0;0;0;0;0;0;0;0;0;0;0;0;0;0;0;0;0;0;0;0;0;0;0;0;0;0;0;0;0;0;0;0;0;0;0;0;0;0;3;0;0;0;0;0;0;0;0;0;0;0;0;0;0;0;0;0;0;2;0;0;0;0;0;0;0;0
Burguesa;No;30/04/2021;4;5;White;0;0;0;0;0;0;0;0;0;0;0;0;0;1;0;0;0;0;0;0;0;0;2;0;0;0;0;0;0;0;0;0;0;0;2;0;0;0;0;0;0;0;0;0;0;4;0;0;0;0;0;0;0;0;0;0;0;0;0;0;0;0;0;0;0;0;0;0;0;0;1;0;0;0;0;0;0;0;0;0;0;0;0;0;0;0;0;0;0;0;0;0;0;0;0;0;0;0;0;0;0;0;0;0;0;0;0;0;0;0;0;0;0;0;0;4;0;0;0;0;0;0;0;0
Caubet;Yes;24/04/2021;4;1;Yellow;0;0;0;12;0;0;0;0;6;0;0;0;0;97;0;0;0;0;0;0;8;2;7;5;0;0;0;1;0;0;5;0;0;0;2;0;0;1;4;0;0;0;0;0;0;5;0;0;0;0;0;0;1;0;0;0;0;0;0;0;0;0;2;0;0;0;0;0;0;0;0;0;0;0;0;0;0;0;1;0;0;0;0;0;6;0;0;0;0;0;0;20;0;0;6;0;1;0;0;0;0;0;0;4;0;4;0;0;0;0;0;0;0;0;1;14;0;0;1;0;0;0;0;0
Caubet;Yes;26/04/2021;4;2;Yellow;0;0;0;5;0;0;0;0;32;0;2;0;0;112;0;0;0;0;0;1;7;10;9;3;0;0;0;0;0;0;6;0;0;0;1;0;0;0;1;0;0;0;0;0;0;7;0;0;0;0;0;0;0;0;2;0;0;0;0;0;0;0;0;0;0;0;0;0;0;0;1;0;0;0;0;0;0;0;1;0;0;0;0;0;6;0;0;1;0;0;0;16;0;0;0;0;6;0;0;1;0;0;0;3;0;5;0;2;0;2;0;0;1;0;1;12;0;0;1;0;0;0;0;0
Caubet;Yes;28/04/2021;4;3;Yellow;0;0;0;5;0;0;0;0;16;0;0;0;0;87;0;0;0;0;0;0;1;0;7;0;0;0;0;0;0;0;6;0;0;0;0;0;0;0;4;0;0;0;0;0;0;5;0;0;0;0;0;0;0;0;0;0;0;0;0;0;0;0;0;0;0;0;0;0;1;0;0;0;0;0;0;0;1;0;0;0;0;0;0;0;1;0;0;0;0;0;0;11;0;1;1;0;3;0;0;0;0;0;0;2;0;0;0;0;0;1;0;0;0;0;0;3;0;0;0;0;0;0;0;0
Caubet;Yes;30/04/2021;4;4;Yellow;0;0;1;5;0;0;0;0;11;0;0;0;0;244;0;0;0;0;0;0;2;1;3;4;0;0;0;0;0;0;3;0;0;0;0;0;0;0;2;0;0;0;0;0;0;4;0;0;0;0;0;0;0;0;0;0;0;0;0;0;0;0;1;0;0;0;0;0;0;0;0;0;0;0;0;0;1;0;0;0;0;0;0;0;0;0;0;0;0;0;0;7;0;1;1;0;4;0;0;0;0;0;0;4;0;0;0;0;0;1;0;1;0;0;0;5;0;0;0;0;0;0;0;0
Caubet;Yes;04/05/2021;5;5;Yellow;0;0;0;6;0;0;0;0;31;0;0;0;0;364;0;0;0;0;0;0;3;3;1;0;0;0;0;0;0;0;12;0;0;0;3;0;0;0;2;0;0;0;0;0;0;13;0;0;0;0;0;0;0;0;0;0;0;0;0;0;0;0;2;0;0;0;0;0;0;0;0;0;1;0;0;0;1;0;0;0;0;0;0;0;1;0;0;1;0;0;0;11;0;0;2;0;11;0;0;1;0;0;0;1;0;3;0;0;0;0;0;0;0;0;0;12;0;0;0;0;0;0;0;0
Caubet;Yes;24/04/2021;4;1;Blue;0;0;0;3;0;3;0;0;0;0;1;0;0;27;0;0;0;0;0;0;1;0;2;4;0;0;0;0;0;0;0;0;0;0;0;0;0;0;1;0;0;0;0;0;0;0;0;0;0;0;0;0;0;0;0;0;0;0;0;0;0;0;0;0;0;0;0;0;0;0;0;0;0;0;0;0;0;0;0;0;0;0;0;0;3;0;0;0;0;0;0;6;0;0;18;0;0;0;0;0;0;0;0;0;6;0;0;0;0;0;0;0;0;0;0;0;0;0;0;0;0;0;0;0
Caubet;Yes;26/04/2021;4;2;Blue;1;0;0;0;0;0;0;0;2;0;0;0;0;39;0;0;0;0;0;1;0;0;3;0;0;0;0;0;0;1;0;0;0;0;1;0;0;0;0;0;0;0;0;0;0;0;0;0;0;0;0;0;0;0;0;0;0;0;0;0;0;0;1;0;0;0;0;0;0;0;0;0;0;0;0;0;0;0;1;0;0;0;0;0;1;0;0;1;0;0;0;0;0;0;4;1;3;0;0;0;0;0;0;0;1;0;0;0;0;4;0;0;0;0;0;4;0;0;0;0;0;0;0;0
Caubet;Yes;28/04/2021;4;3;Blue;0;0;0;0;0;0;0;0;1;0;0;0;0;65;0;0;0;0;0;0;0;0;0;1;0;0;0;0;0;6;0;0;0;0;2;0;0;0;0;0;0;0;1;0;0;9;0;0;0;0;1;0;0;0;0;0;0;0;0;0;0;0;2;0;0;0;0;0;0;0;0;0;0;0;0;0;0;0;0;0;0;0;0;0;0;0;0;0;0;0;0;0;0;0;2;0;0;0;0;0;0;0;0;0;0;0;0;1;0;4;0;0;0;0;0;1;0;0;0;0;0;0;0;0
Caubet;Yes;30/04/2021;4;4;Blue;0;0;0;0;0;0;0;1;0;0;0;0;0;132;0;0;0;0;0;0;2;0;3;1;0;0;0;0;0;1;0;1;0;0;2;0;0;0;0;0;0;0;0;0;0;2;0;0;0;0;4;0;0;0;0;0;0;0;0;0;0;0;2;0;0;0;0;0;0;0;0;0;0;0;0;0;0;0;0;0;0;0;0;0;0;0;0;0;0;0;0;3;0;0;0;0;3;0;0;0;0;0;0;0;1;0;0;0;0;1;0;0;2;0;0;1;0;0;0;0;0;0;0;0
Caubet;Yes;04/05/2021;5;5;Blue;0;0;0;0;0;0;0;0;1;0;0;0;0;131;0;0;0;0;0;0;1;0;5;0;0;0;0;0;0;9;0;0;0;0;4;0;0;0;0;0;0;0;0;0;0;11;0;0;0;0;0;0;0;0;0;0;0;0;0;0;0;0;2;0;0;0;0;0;0;0;0;0;0;0;0;0;0;0;0;0;0;0;0;0;1;0;0;0;0;0;0;1;0;0;0;0;2;0;0;0;0;0;0;0;1;0;0;0;0;0;0;0;0;0;0;0;0;0;0;0;0;0;0;0
Caubet;Yes;24/04/2021;4;1;White;0;0;0;1;0;0;0;0;0;0;0;0;0;47;0;0;0;0;0;0;0;0;2;3;0;0;0;0;0;0;0;0;0;0;1;0;0;1;0;0;0;0;0;0;0;10;0;0;0;0;2;0;0;0;0;0;0;0;0;0;0;0;0;0;0;1;0;0;0;0;0;0;0;0;0;0;0;0;1;0;0;0;0;0;0;0;0;0;0;0;0;9;0;0;38;0;4;0;0;0;0;0;0;0;3;2;0;0;0;1;0;0;1;0;0;3;0;0;0;0;0;0;0;0
Caubet;Yes;26/04/2021;4;2;White;0;0;0;1;0;0;0;0;0;0;0;0;0;22;0;1;0;0;0;0;0;0;7;1;0;0;0;0;0;0;4;0;0;0;2;0;0;0;1;0;0;0;0;0;0;6;0;0;0;0;0;0;0;0;0;0;0;0;0;0;0;0;0;0;0;1;0;1;0;0;0;0;0;0;0;0;0;0;0;0;0;0;0;0;1;0;0;0;0;0;0;5;0;0;13;0;5;0;0;0;0;0;0;0;1;3;0;2;0;0;0;0;0;0;0;4;0;0;0;0;0;0;0;0
Caubet;Yes;28/04/2021;4;3;White;1;0;0;1;0;0;0;0;6;0;1;0;0;80;0;0;0;0;0;0;0;0;3;1;0;0;0;0;0;0;4;0;0;0;1;0;0;0;0;0;0;0;0;0;0;6;0;0;0;0;2;0;0;0;0;0;0;0;0;0;0;0;0;0;0;0;0;1;0;0;0;0;0;0;0;0;0;0;0;0;0;0;0;0;0;0;0;0;0;0;0;0;0;0;6;0;5;0;0;0;0;0;0;0;1;0;0;0;0;1;0;0;0;0;0;3;0;0;0;0;0;0;0;0
Caubet;Yes;30/04/2021;4;4;White;0;0;0;2;0;0;0;0;1;0;0;0;0;83;0;0;0;0;0;0;0;0;2;4;0;0;0;0;0;0;0;2;0;0;1;0;0;0;0;0;0;0;0;0;0;3;0;0;0;0;1;0;0;0;0;0;0;0;0;0;0;0;0;0;0;0;0;0;0;0;0;0;0;0;0;0;0;0;0;0;0;0;0;0;0;0;0;0;0;0;0;0;0;0;5;0;4;0;0;0;0;0;0;0;2;0;0;0;0;0;0;0;0;0;0;2;0;0;0;0;0;0;0;0
Caubet;Yes;04/05/2021;5;5;White;0;0;1;1;0;0;0;0;0;0;0;0;0;76;0;0;0;0;0;0;3;0;2;1;0;0;0;0;0;0;3;0;0;0;3;0;0;0;0;0;0;0;0;0;0;5;0;0;0;0;1;0;0;0;0;0;0;0;0;0;0;0;0;0;0;0;0;0;0;0;2;0;0;0;0;0;0;0;0;0;0;0;0;0;0;0;0;0;0;0;0;2;0;0;3;0;6;0;0;1;0;0;0;0;1;0;0;1;0;0;0;0;0;0;0;3;0;0;0;0;0;0;0;0
Llubi;Yes;20/04/2021;4;1;Yellow;0;2;1;0;0;0;8;0;2;0;0;1;0;0;0;0;0;0;0;0;0;0;5;0;2;0;0;0;0;0;4;0;0;0;2;0;0;0;0;0;0;0;0;0;0;0;0;0;0;0;0;0;5;0;0;0;0;0;0;1;0;0;0;0;0;0;0;0;0;4;0;0;2;0;0;0;0;0;0;0;0;0;4;0;0;4;0;0;0;0;0;5;0;0;2;0;2;1;0;0;2;0;0;0;0;1;0;0;0;0;0;0;0;0;0;2;0;0;0;0;1;0;0;0
Llubi;Yes;25/04/2021;4;2;Yellow;0;3;0;3;0;0;4;0;1;0;0;1;0;0;0;0;0;0;0;0;0;0;0;0;1;0;0;0;0;0;1;0;0;1;1;0;0;1;0;0;0;0;0;0;0;0;0;0;0;0;0;0;0;0;0;0;0;0;0;1;0;0;0;0;3;0;0;0;0;2;0;0;0;0;0;0;0;0;0;0;0;0;7;0;0;1;0;0;0;1;0;10;0;0;2;0;1;1;0;0;4;0;0;0;0;2;0;0;0;0;0;0;0;0;0;6;0;0;4;1;0;0;0;0
Llubi;Yes;27/04/2021;4;3;Yellow;0;7;0;0;0;0;6;0;6;0;0;0;0;0;0;0;0;0;0;0;0;0;0;0;2;0;0;0;0;0;3;0;0;0;2;0;0;0;2;0;0;0;1;0;0;0;0;0;0;0;0;4;1;0;0;0;0;0;0;1;0;1;1;0;0;0;0;0;1;3;0;0;0;0;0;0;0;0;0;0;0;0;4;0;0;1;0;0;0;0;0;6;1;0;0;0;2;0;0;0;4;0;0;1;0;0;0;0;0;0;0;0;0;0;1;5;0;0;1;2;0;0;0;0
Llubi;Yes;30/04/2021;4;4;Yellow;0;10;1;0;0;0;14;0;5;0;0;0;0;0;0;1;0;0;0;0;0;0;1;0;0;0;0;0;0;0;5;0;0;0;3;0;0;1;1;0;0;0;0;0;0;0;0;0;0;0;0;0;1;0;0;0;0;1;0;0;0;0;3;0;3;0;0;0;2;0;0;0;0;0;0;0;0;0;0;0;0;1;6;0;0;2;0;0;0;0;0;9;0;0;1;0;1;0;0;1;3;0;0;0;0;1;0;2;0;0;0;0;1;0;0;7;1;0;1;6;1;0;0;0
Llubi;Yes;04/05/2021;5;5;Yellow;0;11;0;0;0;0;1;0;9;0;0;0;0;0;0;0;0;0;3;0;0;0;3;0;1;0;0;0;0;0;4;0;0;0;1;0;0;0;1;0;0;0;0;0;0;0;0;0;0;0;0;0;1;0;0;0;0;0;0;1;0;0;0;0;0;0;0;0;0;0;0;0;0;0;0;0;0;0;0;0;0;0;2;0;0;9;0;0;0;0;0;4;0;0;1;0;1;0;0;0;3;0;0;0;0;0;0;0;0;2;0;0;0;0;1;6;0;0;1;1;0;0;0;0
Llubi;Yes;20/04/2021;4;1;Blue;0;0;0;0;0;0;1;0;0;1;0;0;0;0;0;0;0;0;1;0;0;0;1;0;0;0;0;0;0;0;0;0;0;0;1;0;0;0;0;0;0;0;3;0;0;0;0;0;0;0;0;0;0;0;0;0;0;0;0;0;0;0;1;0;0;0;0;0;0;0;0;0;0;0;0;0;0;0;0;0;0;0;1;0;0;1;0;0;0;0;0;0;0;0;4;0;1;0;0;0;0;0;0;0;0;0;0;2;0;0;0;0;0;0;0;1;0;0;0;0;0;0;0;0
Llubi;Yes;25/04/2021;4;2;Blue;0;6;0;0;0;0;1;0;1;0;0;2;0;0;0;0;0;0;0;0;0;0;0;0;0;0;0;0;0;0;2;0;0;0;0;0;0;0;0;0;0;0;0;0;0;0;0;0;0;0;0;0;0;0;0;0;0;0;0;0;0;0;2;0;0;0;0;0;0;1;0;0;0;0;0;0;0;0;0;0;0;0;4;0;0;1;0;0;0;0;0;3;0;0;4;0;3;0;0;0;0;0;0;0;0;0;0;0;0;0;0;0;0;0;0;0;0;0;0;2;0;0;0;0
Llubi;Yes;27/04/2021;4;3;Blue;0;2;0;0;0;0;0;0;0;0;0;1;0;0;0;0;0;0;0;0;0;0;0;0;4;0;0;0;0;0;2;0;0;0;0;0;0;0;0;0;0;0;0;0;0;0;0;0;0;0;0;0;0;0;0;0;0;0;0;0;0;0;0;0;0;0;0;0;0;0;0;0;0;0;1;0;0;0;0;0;0;1;8;0;0;0;0;0;0;0;0;4;1;0;1;0;0;0;0;0;3;0;0;0;0;0;0;1;0;0;0;0;0;0;0;1;0;0;0;1;0;0;0;0
Llubi;Yes;30/04/2021;4;4;Blue;0;5;0;1;0;0;1;0;0;0;0;0;0;0;0;0;0;0;0;0;3;0;0;0;4;0;0;0;0;0;2;0;0;0;3;0;0;0;0;0;0;0;0;0;0;0;0;0;0;0;0;0;0;0;0;0;0;0;0;0;0;0;3;0;4;0;0;0;0;1;0;0;0;0;0;0;0;0;0;0;0;0;2;1;0;1;0;0;0;0;0;1;0;0;1;0;0;0;0;0;0;0;0;0;0;0;0;1;0;0;0;0;0;0;0;0;0;0;0;0;0;0;0;0
Llubi;Yes;04/05/2021;5;5;Blue;0;8;0;1;0;0;1;0;0;0;0;3;0;0;0;0;0;0;0;0;0;0;0;0;1;0;0;0;0;0;1;0;0;0;3;0;0;0;1;0;0;0;0;0;0;0;0;0;0;0;0;0;0;0;0;0;0;0;0;0;0;0;0;0;2;0;0;0;1;1;0;0;0;0;0;0;0;0;0;0;0;0;3;0;0;7;0;0;0;0;0;4;0;0;3;0;1;0;0;0;0;0;0;0;0;0;0;0;0;2;0;0;0;0;0;0;0;0;0;1;0;0;0;0
Llubi;Yes;20/04/2021;4;1;White;0;7;0;0;0;0;2;0;0;1;0;0;0;0;0;0;0;0;0;0;1;0;1;0;0;0;0;0;0;0;0;0;0;0;1;0;0;0;1;0;0;0;0;0;0;0;0;0;0;0;0;0;0;0;0;0;0;0;0;1;0;0;0;0;1;0;0;0;0;0;0;0;0;0;0;0;0;0;0;0;0;0;5;0;0;1;0;0;0;0;0;4;0;0;9;0;2;0;0;0;0;0;0;0;0;0;0;0;0;1;0;0;0;0;0;2;0;0;0;0;0;0;0;0
Llubi;Yes;25/04/2021;4;2;White;0;3;0;0;0;0;3;0;0;0;0;0;0;0;0;0;0;0;0;0;0;0;0;0;0;0;0;0;0;0;0;0;0;1;0;0;0;0;0;0;0;0;0;0;0;0;0;0;0;0;0;0;0;0;0;0;0;0;0;2;0;0;1;0;0;0;0;0;0;0;0;0;0;0;0;0;0;0;0;0;0;0;3;0;0;0;0;0;0;0;0;1;0;0;3;0;3;0;0;0;0;0;0;1;0;0;0;1;0;0;0;0;0;0;0;3;0;0;0;1;0;0;0;0
Llubi;Yes;27/04/2021;4;3;White;0;6;0;0;0;0;3;0;0;0;0;0;0;0;0;0;0;0;0;0;0;0;2;0;1;0;0;0;0;0;2;0;0;0;0;0;0;0;0;0;0;0;1;0;0;0;0;0;0;0;0;1;0;0;0;0;0;0;0;1;0;0;0;0;0;0;0;0;0;3;0;0;0;0;0;0;0;0;0;0;0;0;1;0;0;0;0;0;0;0;0;4;0;0;6;0;1;1;0;0;0;0;0;0;0;0;0;0;0;1;0;0;1;0;0;0;0;0;0;0;0;0;0;0
Llubi;Yes;30/04/2021;4;4;White;0;5;0;0;0;0;3;0;0;0;0;0;0;0;0;1;0;0;0;0;1;0;1;0;0;0;0;0;0;0;2;0;0;0;0;0;0;0;0;0;0;0;0;0;0;0;0;0;0;0;0;0;0;0;0;0;0;0;0;1;0;0;0;0;0;0;0;0;0;0;0;0;0;0;0;0;0;0;0;0;0;0;0;0;0;0;0;0;0;0;0;0;0;0;2;0;2;0;0;0;1;0;0;0;0;0;0;0;0;0;0;0;0;0;0;2;0;0;0;0;0;0;0;0
Llubi;Yes;04/05/2021;5;5;White;0;8;0;0;0;0;6;0;2;1;0;0;0;0;0;0;0;0;0;0;0;0;1;0;6;0;0;0;0;0;0;0;0;0;0;0;0;0;0;0;0;0;0;0;0;0;0;0;0;0;0;0;0;0;0;0;0;0;0;0;0;0;1;0;3;0;0;0;0;0;0;0;0;0;0;0;0;0;0;0;0;0;4;0;0;0;0;0;0;0;0;2;0;0;4;0;2;0;0;0;1;0;0;0;0;0;0;0;0;0;0;0;0;0;0;4;0;0;0;1;0;0;0;0
Llubi2;No;20/04/2021;4;1;Yellow;0;0;0;1;0;0;58;0;2;0;0;0;0;0;0;0;0;0;0;1;0;0;39;0;2;0;0;0;0;0;0;0;0;0;1;0;0;0;0;0;0;0;1;0;0;0;0;0;0;0;0;0;0;0;0;0;0;0;0;0;0;0;0;0;0;0;0;0;0;7;0;0;1;0;0;0;0;0;0;0;0;0;19;0;0;0;0;0;0;0;0;0;1;2;0;0;7;1;0;0;2;0;0;0;0;2;4;0;0;0;0;0;0;0;1;2;0;0;3;0;0;0;0;0
Llubi2;No;25/04/2021;4;2;Yellow;0;0;0;2;0;0;46;0;4;0;0;0;0;0;0;1;0;0;0;0;2;0;22;0;3;0;0;0;0;0;2;0;0;0;0;0;0;0;0;0;0;0;1;0;0;0;0;0;0;0;0;0;0;0;0;0;0;0;0;0;0;0;0;0;0;0;0;1;0;5;0;0;0;0;0;0;0;0;0;0;0;0;23;0;0;1;0;0;0;0;0;2;0;1;0;0;2;0;0;0;3;0;0;0;0;1;1;0;0;1;0;0;0;0;0;3;0;0;2;0;0;0;0;0
Llubi2;No;27/04/2021;4;3;Yellow;0;0;2;0;0;0;21;0;0;0;0;0;0;0;0;0;0;0;0;1;0;0;12;0;2;0;0;0;0;0;2;0;0;0;1;0;0;0;0;0;0;0;0;0;0;0;0;0;0;0;0;1;0;0;0;0;1;0;0;1;0;0;0;0;0;0;0;0;1;0;0;0;0;0;0;0;0;0;0;0;0;0;19;0;0;1;0;0;0;0;0;2;0;0;0;0;5;0;0;0;1;0;0;0;0;1;3;1;0;1;0;0;0;0;0;6;0;0;1;3;0;0;0;0
Llubi2;No;30/04/2021;4;4;Yellow;0;0;0;4;0;0;33;0;1;0;0;0;0;0;0;0;0;0;0;0;2;0;7;0;0;0;0;0;0;0;1;0;0;0;2;0;0;1;0;0;0;0;0;0;0;0;0;0;0;0;0;0;0;0;0;0;0;0;0;0;0;0;0;0;1;0;0;0;0;3;0;0;0;0;0;0;0;0;0;0;0;2;6;0;0;1;0;0;0;2;0;2;0;0;0;0;3;0;0;0;3;0;0;0;0;1;2;0;0;0;0;0;0;0;1;6;0;0;0;0;0;0;0;0
Llubi2;No;04/05/2021;5;5;Yellow;0;1;0;1;0;0;74;0;13;0;0;0;0;0;0;0;0;0;0;3;1;0;36;0;0;0;0;0;0;0;2;0;0;0;0;0;0;0;1;0;0;0;0;0;0;0;3;0;0;0;0;0;0;0;0;0;0;0;0;0;0;0;0;0;0;0;0;0;1;0;0;0;0;0;0;0;0;0;0;0;0;0;11;0;0;9;0;0;0;0;0;2;0;0;0;0;14;0;0;0;5;0;0;1;0;2;2;0;0;0;0;0;0;0;1;23;0;0;3;0;0;0;0;0
Llubi2;No;20/04/2021;4;1;Blue;0;0;0;0;0;0;1;0;0;0;0;0;0;0;0;0;0;0;0;0;0;0;1;0;0;0;0;0;0;0;1;0;0;0;0;0;0;0;0;0;0;0;0;0;0;0;0;0;0;0;0;0;0;0;0;0;0;0;0;0;0;0;0;0;0;0;0;0;0;1;0;0;0;0;0;0;0;0;0;0;0;0;5;0;0;2;0;0;0;2;0;1;0;0;2;0;7;1;0;0;0;0;0;1;0;0;0;0;0;0;0;0;0;0;0;1;0;0;0;0;0;0;0;0
Llubi2;No;25/04/2021;4;2;Blue;0;0;0;0;0;0;2;0;0;0;0;0;0;0;0;0;0;0;0;0;0;0;1;0;0;0;0;0;0;0;0;0;0;0;1;0;0;0;0;0;0;0;0;0;0;0;0;0;0;0;0;0;0;0;0;0;0;0;0;0;0;0;0;0;0;0;0;0;0;1;0;0;0;0;0;0;0;0;0;0;0;0;4;0;0;1;0;0;0;0;0;0;0;0;0;0;2;1;0;0;3;0;0;0;0;1;0;0;0;0;0;0;0;0;0;3;0;0;2;0;0;0;0;0
Llubi2;No;27/04/2021;4;3;Blue;0;0;1;0;0;0;6;0;1;1;0;0;0;0;0;0;0;0;0;0;0;0;0;0;4;0;0;0;0;0;1;0;0;0;0;0;0;0;0;0;0;0;1;0;0;0;0;0;0;0;0;0;0;0;0;0;0;0;0;0;0;0;0;0;0;0;0;0;0;2;0;0;0;0;0;0;0;0;0;0;0;0;5;0;0;1;0;0;0;1;0;0;0;0;0;0;4;0;0;0;1;0;0;0;0;0;0;0;0;0;0;0;0;0;0;1;0;0;0;0;0;0;0;0
Llubi2;No;30/04/2021;4;4;Blue;0;0;0;2;0;0;3;0;0;0;0;0;0;0;0;0;0;0;0;0;0;0;0;0;0;0;0;0;0;0;0;0;0;0;0;0;0;0;0;0;0;0;0;0;0;0;0;0;0;0;0;1;0;0;0;0;0;0;0;0;0;0;0;0;0;0;0;0;0;1;0;0;0;0;0;0;0;0;0;0;0;0;0;0;0;1;0;0;0;0;0;0;0;0;0;0;1;0;0;0;0;0;0;0;0;0;0;0;0;0;0;0;0;0;0;1;0;0;0;0;0;0;0;0
Llubi2;No;04/05/2021;5;5;Blue;0;1;0;0;0;0;4;0;0;0;0;0;0;0;0;0;0;0;0;0;0;0;3;0;2;0;0;0;0;0;0;0;0;0;0;0;0;0;0;0;0;0;0;0;0;0;0;0;0;0;0;0;0;0;0;0;0;0;0;0;0;0;0;0;0;0;0;0;0;3;0;0;0;0;0;0;0;0;0;0;0;0;2;0;0;5;0;0;0;0;0;0;0;0;0;0;2;0;0;0;0;0;0;0;0;1;0;0;0;0;0;0;0;0;0;0;0;0;0;1;0;0;0;0
Llubi2;No;20/04/2021;4;1;White;0;0;0;0;0;0;9;0;0;0;0;0;0;0;0;0;0;0;2;0;2;0;6;0;2;0;0;0;0;0;1;0;0;0;1;0;0;0;0;0;0;0;0;0;0;0;0;0;0;0;0;0;0;0;0;0;0;0;0;0;0;0;0;0;0;0;0;0;0;3;0;0;0;0;0;0;0;0;0;0;0;0;7;0;0;0;0;0;0;0;0;0;0;1;1;0;3;10;0;0;0;0;0;0;0;0;0;0;0;0;0;0;0;0;0;2;0;0;0;0;1;0;0;0
Llubi2;No;25/04/2021;4;2;White;0;0;0;0;0;0;12;0;0;0;0;0;0;0;0;0;0;0;0;0;1;0;5;0;2;0;0;0;0;0;0;0;0;0;1;0;0;0;0;0;0;0;0;0;0;0;0;0;0;0;0;0;0;0;0;0;0;0;0;0;0;0;1;0;0;0;0;0;0;11;0;0;0;0;0;0;0;0;0;0;0;0;4;0;0;0;0;0;0;0;0;0;0;0;0;0;4;19;0;0;3;0;0;0;0;2;0;0;0;0;0;0;0;0;0;0;0;0;0;0;0;0;0;0
Llubi2;No;27/04/2021;4;3;White;0;0;0;0;0;0;14;0;0;0;0;0;0;0;0;0;0;0;0;0;0;0;5;0;2;0;0;0;0;0;0;0;0;0;1;0;0;0;0;0;0;0;0;0;0;0;0;0;0;0;0;0;0;0;0;0;0;0;0;0;0;0;0;0;0;0;0;0;0;4;0;0;0;0;0;0;0;0;0;0;0;0;1;0;0;2;0;0;0;0;0;0;0;0;1;0;3;12;0;0;0;0;0;0;0;1;0;3;0;0;0;0;0;0;0;6;0;0;0;0;0;0;0;0
Llubi2;No;30/04/2021;4;4;White;1;0;0;0;0;0;18;0;0;0;0;0;0;0;0;0;0;0;0;0;0;0;4;0;1;0;0;0;0;0;0;0;0;0;0;0;0;0;0;0;0;0;1;0;0;0;0;0;0;0;0;0;1;0;0;0;0;0;0;0;0;0;0;0;0;0;0;0;1;0;0;0;0;0;0;0;0;0;0;0;0;0;1;0;0;1;0;0;0;1;0;1;0;0;0;0;4;0;0;0;1;0;0;0;0;1;0;0;0;0;0;0;0;0;0;7;0;0;1;0;0;0;0;0
Llubi2;No;04/05/2021;5;5;White;0;0;0;1;0;0;27;0;0;0;0;0;0;0;0;0;0;0;0;0;0;0;10;0;1;0;0;0;0;0;0;0;0;0;1;0;0;0;1;0;0;0;0;0;0;0;0;0;0;0;0;0;0;0;0;0;0;0;0;0;0;0;0;0;0;0;0;0;0;1;0;0;0;0;0;0;0;0;0;0;0;0;1;0;0;2;0;1;0;0;0;0;0;0;0;0;2;4;0;0;2;0;0;0;0;0;0;0;0;2;0;0;0;0;1;8;0;0;1;0;0;0;0;0
Puigpunyent;Yes;19/04/2021;4;1;Yellow;0;0;1;0;0;0;0;0;0;0;0;0;0;0;0;0;0;0;0;0;0;0;3;1;0;0;0;0;0;0;0;0;0;0;0;0;0;0;0;0;0;0;0;0;0;0;0;0;0;0;0;0;0;0;0;0;0;0;0;0;0;0;0;0;0;0;0;0;0;0;0;0;0;0;0;0;0;0;0;0;0;0;0;0;0;0;0;0;0;0;0;0;0;0;0;0;0;0;0;0;0;0;0;0;1;0;0;0;0;0;0;0;0;0;0;0;0;0;0;0;0;0;0;0
Puigpunyent;Yes;24/04/2021;4;2;Yellow;0;0;3;17;0;0;0;0;6;0;0;0;0;0;0;0;0;0;0;0;1;0;1;2;0;0;0;0;0;0;0;0;0;0;0;0;0;0;0;0;0;0;0;0;0;0;0;0;0;0;0;0;0;0;0;0;0;0;0;0;0;0;0;0;0;0;0;0;0;0;0;0;0;0;0;0;0;0;0;0;0;0;0;0;0;0;0;0;0;0;0;0;0;0;0;0;0;0;0;0;0;0;0;0;0;2;0;0;0;0;0;0;0;0;0;12;0;0;2;0;0;0;0;0
Puigpunyent;Yes;26/04/2021;4;3;Yellow;0;0;2;15;0;0;0;0;3;0;0;0;0;0;0;0;0;0;0;0;0;1;0;0;0;0;0;0;0;0;0;0;0;0;0;0;0;0;0;0;0;0;0;0;0;9;0;0;0;0;0;0;0;0;0;0;0;0;0;0;0;0;0;0;0;0;0;0;0;0;0;0;0;1;0;0;1;0;0;0;0;0;0;0;0;0;0;0;0;0;0;0;0;0;0;0;0;0;0;0;0;0;0;0;0;0;0;0;0;0;0;0;0;0;0;9;0;0;0;0;0;0;0;0
Puigpunyent;Yes;28/04/2021;4;4;Yellow;0;0;3;13;0;0;0;0;14;0;0;0;0;2;0;0;0;0;0;0;0;0;1;1;0;0;0;0;0;0;0;0;0;0;4;0;0;1;1;0;0;0;0;0;0;1;0;0;0;0;1;0;0;0;0;0;0;0;0;0;0;0;0;0;0;0;0;0;0;0;0;0;0;0;0;0;2;0;0;0;0;0;0;0;2;0;0;0;0;0;0;1;0;0;0;0;0;0;0;0;0;0;0;0;0;0;0;1;0;4;0;0;0;0;0;5;0;0;1;0;0;0;0;0
Puigpunyent;Yes;30/04/2021;4;5;Yellow;0;0;2;21;0;0;0;0;4;0;0;0;0;2;0;0;0;0;0;0;2;0;3;1;0;0;0;0;0;0;1;0;0;0;1;0;0;0;0;0;0;0;0;0;0;2;0;0;0;0;0;0;0;0;0;0;0;0;0;0;0;0;0;0;0;0;0;0;0;0;0;0;2;0;0;0;5;0;0;0;0;0;0;0;0;0;0;0;0;0;0;1;0;0;0;0;0;0;0;0;0;0;0;0;0;0;0;0;0;0;0;0;0;0;0;2;0;0;1;0;0;0;0;0
Puigpunyent;Yes;19/04/2021;4;1;Blue;0;0;0;0;0;1;0;0;0;0;0;0;0;0;0;0;0;0;0;0;0;0;1;0;0;0;0;0;0;0;0;0;0;0;0;0;0;0;0;0;0;0;0;0;0;0;0;0;0;0;0;0;0;0;0;0;0;0;0;0;0;0;0;0;0;0;0;0;0;0;0;0;0;0;0;0;0;0;0;0;0;0;0;0;0;0;0;0;0;0;0;0;0;0;1;0;0;0;0;0;0;0;0;0;0;1;0;0;0;0;0;0;1;0;0;0;0;0;0;0;0;0;0;0
Puigpunyent;Yes;24/04/2021;4;2;Blue;0;0;0;0;0;0;0;0;0;0;0;0;0;0;0;0;0;0;0;0;0;0;0;0;0;0;0;0;0;1;0;0;0;0;0;0;0;0;0;0;0;0;0;0;0;0;0;0;0;0;0;0;0;0;0;0;0;0;0;0;0;0;0;0;0;0;0;0;0;0;0;0;0;0;0;0;0;0;0;0;0;0;0;0;0;0;0;0;0;0;0;0;0;0;4;0;0;0;0;0;0;0;0;0;0;0;0;0;0;0;0;0;0;0;0;0;0;0;0;0;0;0;0;0
Puigpunyent;Yes;26/04/2021;4;3;Blue;0;0;0;0;0;4;0;0;0;0;0;0;0;0;0;0;0;0;0;0;0;0;1;0;0;0;0;0;0;0;0;0;0;0;0;0;0;0;0;0;0;0;0;0;0;0;0;1;0;0;0;0;0;0;0;0;0;0;0;0;0;0;0;0;0;0;0;0;0;0;2;0;0;0;0;0;0;0;0;0;0;0;0;0;0;0;0;0;0;0;0;0;0;0;4;0;0;0;0;0;0;0;0;0;0;0;0;0;0;0;0;0;0;0;2;0;0;1;0;0;0;0;0;0
Puigpunyent;Yes;28/04/2021;4;4;Blue;0;0;0;0;0;2;0;0;0;0;0;0;0;3;0;0;0;0;0;0;0;0;1;2;0;0;0;0;0;1;0;0;0;0;0;0;0;0;0;0;0;0;0;0;0;0;0;0;0;0;0;0;0;0;0;0;0;0;0;0;0;0;0;0;0;0;0;0;0;0;0;0;0;0;0;0;0;0;0;0;0;0;0;0;0;0;0;0;0;0;0;0;0;0;0;0;0;0;0;0;0;0;0;0;0;0;0;0;0;0;0;0;1;0;0;0;0;0;0;0;0;0;0;0
Puigpunyent;Yes;30/04/2021;4;5;Blue;0;0;0;0;0;1;0;0;0;0;0;0;0;0;0;0;0;0;0;0;0;0;1;1;0;0;0;0;0;0;0;0;0;0;1;0;0;0;0;0;0;0;0;0;0;1;0;1;0;0;0;0;0;0;0;0;0;0;0;0;0;0;0;0;0;0;0;0;0;0;0;0;1;0;0;0;0;0;0;1;0;0;0;0;0;0;0;0;0;0;0;0;0;0;2;0;0;0;0;0;0;0;0;0;0;0;0;0;0;0;0;0;0;0;0;2;0;0;0;0;0;0;0;0
Puigpunyent;Yes;19/04/2021;4;1;White;0;0;1;0;0;0;0;0;0;0;0;0;0;0;0;0;0;0;0;0;0;0;0;0;0;0;0;0;0;0;0;0;1;0;0;0;0;0;0;0;0;0;0;0;0;1;0;0;0;0;0;0;0;0;0;0;0;0;0;0;0;0;0;0;0;0;0;0;0;0;0;0;0;0;0;0;0;0;0;0;0;0;0;0;0;0;0;0;0;0;0;0;0;0;2;0;0;0;0;0;0;0;0;0;0;0;0;0;0;1;0;0;0;0;0;1;0;0;0;0;0;0;0;0
Puigpunyent;Yes;24/04/2021;4;2;White;0;0;0;1;0;0;0;0;0;0;0;0;0;0;0;0;0;0;0;0;1;0;0;0;0;0;0;0;0;0;0;0;2;0;0;0;0;0;0;0;1;0;0;0;0;5;0;0;0;0;0;0;0;0;0;0;0;0;0;0;0;0;0;0;0;0;0;0;0;0;0;0;0;0;0;0;0;0;0;0;0;0;0;0;0;0;0;0;0;0;0;0;0;0;12;0;0;0;0;0;0;0;0;0;0;0;0;0;0;0;0;0;0;0;0;2;0;0;0;0;0;0;0;0
Puigpunyent;Yes;26/04/2021;4;3;White;1;0;0;0;0;0;0;0;0;0;0;0;0;0;0;0;0;0;0;0;0;0;0;0;0;0;0;0;0;0;0;0;0;0;1;0;0;0;0;0;0;0;0;0;0;5;0;0;0;0;0;0;0;0;0;0;0;0;0;0;0;0;0;0;0;0;0;0;0;0;0;0;0;0;0;0;0;0;0;0;0;0;0;0;0;0;0;0;0;0;0;0;0;0;3;0;0;0;0;0;0;0;0;0;0;0;0;0;0;0;0;0;0;0;0;3;0;0;1;0;0;0;0;0
Puigpunyent;Yes;28/04/2021;4;4;White;0;0;1;0;0;0;0;0;0;0;0;0;0;0;0;0;0;0;0;0;0;0;4;0;0;0;0;0;0;0;1;0;0;0;0;0;0;0;0;0;0;0;0;0;0;0;0;0;0;0;1;0;0;0;0;0;0;0;0;0;0;0;0;0;0;0;0;0;0;0;0;0;0;0;0;0;0;0;0;0;0;0;0;0;0;0;0;0;0;0;0;0;0;0;1;0;0;0;0;0;0;0;0;0;0;0;0;0;0;0;0;0;1;0;0;0;0;0;1;0;0;0;0;0
Puigpunyent;Yes;30/04/2021;4;5;White;1;0;1;0;0;0;0;0;0;0;1;0;0;0;0;0;0;0;0;0;1;0;4;1;0;0;0;0;0;0;0;0;0;0;0;0;0;0;0;0;0;0;0;0;0;1;0;0;0;0;0;0;0;0;0;0;0;0;0;0;0;0;0;0;0;0;0;0;0;0;0;0;0;0;0;0;0;0;0;0;0;0;0;0;0;0;0;0;0;0;0;0;0;0;1;0;0;0;0;0;0;0;0;0;0;0;0;0;0;0;0;0;0;0;0;1;0;0;0;0;0;0;0;0
Sa_Torre;No;29/04/2021;4;1;Yellow;0;0;0;1;0;0;0;1;0;0;0;0;0;0;0;0;6;0;0;0;1;3;1;1;0;0;0;0;0;0;3;0;0;0;1;0;0;0;1;0;0;0;0;0;0;16;0;0;0;0;1;0;1;0;0;0;0;0;0;0;0;0;0;0;0;0;0;0;0;0;1;0;0;0;0;0;0;0;0;0;0;0;0;0;0;0;0;0;0;0;0;3;0;0;0;0;2;0;0;0;0;0;0;0;0;1;0;0;0;2;0;0;0;0;0;0;0;0;0;0;0;0;0;0
Sa_Torre;No;05/05/2021;5;2;Yellow;0;0;0;0;0;0;0;0;2;0;0;0;0;2;0;0;3;0;0;0;0;25;2;2;1;0;0;0;0;0;11;0;0;0;0;0;0;0;0;0;0;0;0;0;0;6;0;0;0;0;0;0;0;0;0;0;0;0;0;0;0;0;0;0;0;0;0;1;0;0;0;0;0;0;0;0;0;0;0;0;0;0;0;0;0;0;0;0;0;0;0;0;0;0;0;0;2;0;0;0;0;0;0;0;1;0;0;0;0;2;0;0;0;0;0;7;0;0;0;0;0;0;0;0
Sa_Torre;No;07/05/2021;5;3;Yellow;0;0;0;2;0;0;0;0;4;0;1;0;0;2;0;0;23;0;0;2;1;8;3;4;0;0;0;0;0;0;5;0;0;0;3;0;1;0;0;0;0;0;0;0;0;1;0;0;0;0;0;0;0;0;0;0;0;0;0;0;0;0;0;0;0;0;0;0;0;0;0;0;0;0;0;0;0;0;0;0;0;0;0;0;1;0;0;0;0;0;0;1;0;0;0;0;1;0;0;1;0;0;0;0;0;1;0;0;0;0;0;0;0;0;0;3;0;0;0;0;0;0;0;0
Sa_Torre;No;09/05/2021;5;4;Yellow;0;0;0;2;1;0;0;0;6;0;0;0;0;1;0;0;62;0;0;2;1;1;5;0;0;0;0;0;0;0;10;0;0;1;4;0;0;0;1;0;0;0;0;0;0;12;0;0;0;0;1;0;0;0;0;0;0;0;0;0;0;0;0;0;0;0;0;0;0;0;0;0;0;0;0;0;0;0;0;0;0;0;0;0;0;0;0;0;0;0;0;4;0;0;0;0;5;0;0;1;0;0;0;0;1;1;0;0;0;2;0;0;0;0;0;5;0;0;0;0;0;0;0;0
Sa_Torre;No;13/05/2021;5;5;Yellow;0;0;0;5;0;0;0;0;2;0;0;0;0;4;0;0;56;0;0;1;2;2;7;2;0;0;0;0;0;0;14;0;0;1;2;0;0;0;0;0;0;0;0;0;0;4;0;0;0;0;2;0;0;0;0;0;0;0;0;0;0;0;0;0;0;0;0;2;0;0;0;0;0;0;0;0;0;0;0;0;0;0;0;0;0;0;0;0;0;0;0;3;0;0;0;0;8;0;0;0;0;0;0;0;0;1;0;0;0;1;0;0;0;0;2;8;0;0;1;0;0;0;0;0
Sa_Torre;No;29/04/2021;4;1;Blue;0;0;0;0;0;0;0;2;0;0;0;0;0;0;0;0;0;0;0;1;2;0;1;0;0;0;0;0;0;0;1;1;0;0;1;0;0;0;0;0;0;0;0;0;0;4;0;0;0;0;0;0;0;0;0;0;0;0;0;0;0;0;0;0;0;0;0;0;0;0;0;0;0;0;0;0;0;0;0;0;0;0;0;0;0;0;0;0;0;0;0;0;0;0;0;0;4;0;0;0;0;0;0;0;0;0;0;0;0;3;0;0;0;0;0;0;0;0;0;0;0;0;0;0
Sa_Torre;No;05/05/2021;5;2;Blue;0;0;0;0;0;0;0;1;0;0;0;0;0;0;0;0;0;0;0;0;0;0;1;1;0;0;0;0;0;0;0;0;0;0;0;0;0;0;0;0;0;0;0;0;0;1;0;0;0;0;0;0;0;0;0;0;0;0;0;0;0;0;0;0;0;0;0;0;0;0;0;0;0;0;0;0;0;0;0;0;0;0;0;0;0;0;0;0;0;0;0;0;0;0;0;0;0;0;0;0;0;0;0;0;0;0;0;0;0;0;0;0;0;0;0;0;0;0;0;0;0;0;0;0
Sa_Torre;No;07/05/2021;5;3;Blue;0;0;0;0;0;1;0;1;0;0;0;0;0;2;0;0;6;0;0;0;3;0;2;1;0;0;0;0;0;0;1;0;0;0;2;0;0;0;0;0;0;0;0;0;0;3;0;0;0;0;0;0;0;0;0;0;0;0;0;0;0;0;0;0;0;0;0;0;0;0;0;0;0;0;0;0;0;0;0;0;0;0;0;0;0;0;0;0;0;0;0;1;0;0;0;0;3;0;0;0;0;0;0;0;0;0;0;0;0;0;0;0;0;0;0;0;0;0;1;0;0;0;0;0
Sa_Torre;No;09/05/2021;5;4;Blue;0;0;0;2;0;0;0;0;0;0;0;0;0;0;0;0;21;0;0;0;4;0;2;0;0;0;0;0;0;0;1;0;0;0;1;0;0;0;0;0;0;0;0;0;0;2;0;0;0;0;1;0;0;0;0;0;0;0;0;0;0;0;0;0;0;0;0;0;1;0;1;0;0;0;0;0;0;0;0;0;0;0;0;0;1;0;0;0;0;0;0;0;0;0;0;0;4;0;0;0;0;0;0;0;0;1;0;0;0;2;0;0;1;0;0;0;0;0;0;0;0;0;0;0
Sa_Torre;No;13/05/2021;5;5;Blue;0;0;1;2;0;0;0;0;0;0;0;0;0;2;0;0;22;0;0;1;1;0;8;0;0;0;0;0;0;0;5;0;0;0;0;0;0;0;0;0;0;0;0;0;0;3;0;0;0;0;0;0;0;0;0;0;0;0;0;0;0;0;0;0;0;0;0;0;0;0;0;0;2;0;0;0;0;0;0;0;0;0;0;0;0;0;0;0;0;0;0;0;0;0;1;0;2;0;0;0;0;0;0;0;0;0;0;0;0;0;0;0;0;0;0;1;0;0;0;0;0;0;0;0
Sa_Torre;No;29/04/2021;4;1;White;0;0;0;0;0;0;1;0;0;0;0;0;0;0;1;0;0;0;0;0;0;0;4;0;0;0;0;0;0;0;1;0;0;0;1;0;0;0;2;0;0;0;0;0;0;0;0;0;0;0;1;0;0;0;0;0;0;0;0;0;0;0;0;0;0;0;0;0;0;0;0;0;0;0;0;0;0;0;0;0;0;0;0;0;0;0;0;0;0;0;0;0;0;0;1;0;3;0;0;0;0;0;0;0;0;0;0;0;0;0;0;0;0;0;0;0;0;0;0;0;0;0;0;0
Sa_Torre;No;05/05/2021;5;2;White;0;0;0;0;0;0;0;0;0;0;0;0;0;0;0;0;0;0;0;0;0;0;4;0;0;0;0;0;0;0;0;0;0;0;0;0;0;0;0;0;1;0;0;0;0;0;0;0;0;0;0;0;0;0;0;0;0;0;0;0;0;0;0;0;0;0;0;1;0;0;0;0;0;0;0;0;0;0;0;0;0;0;0;0;0;0;0;0;0;0;0;0;0;0;0;0;0;0;0;0;0;0;0;0;0;0;0;0;0;0;0;0;0;0;0;0;0;0;0;0;0;0;0;0
Sa_Torre;No;07/05/2021;5;3;White;0;0;0;1;0;0;1;0;2;0;0;0;0;0;1;0;0;0;2;0;0;0;2;1;3;0;0;0;0;0;9;0;0;0;1;0;0;0;0;0;0;0;0;0;0;0;0;0;0;0;1;0;0;0;0;0;0;0;0;0;0;0;0;0;0;0;0;0;0;0;0;0;0;0;0;0;0;0;0;0;0;0;0;0;0;0;0;0;0;0;0;0;0;0;0;0;3;0;0;0;0;0;0;0;0;0;0;0;0;0;0;0;0;0;0;0;0;0;0;0;0;0;0;0
Sa_Torre;No;09/05/2021;5;4;White;0;0;0;0;0;0;1;0;0;0;0;0;0;0;0;0;0;0;0;0;2;0;0;2;6;0;0;0;0;0;2;1;0;0;2;0;0;0;1;0;0;0;0;0;0;0;0;0;0;0;4;0;0;0;0;0;0;0;0;0;0;0;0;0;0;0;0;1;0;0;0;0;0;0;0;0;0;0;0;0;0;0;0;0;0;0;0;0;0;0;0;0;0;0;0;0;0;0;0;0;0;0;0;0;1;0;0;0;0;0;0;0;0;0;0;0;0;0;0;0;0;0;0;0
Sa_Torre;No;13/05/2021;5;5;White;0;0;0;0;0;0;4;0;0;0;0;0;0;0;6;0;0;0;30;0;0;0;0;1;1;0;0;0;0;0;6;1;0;0;4;0;0;0;0;0;0;0;0;0;0;0;0;0;0;0;0;0;0;0;0;0;0;0;0;0;0;0;0;0;0;0;0;4;0;0;0;0;0;0;0;0;0;0;0;0;0;0;0;0;0;0;0;0;0;0;0;0;0;0;0;0;1;0;0;0;0;0;0;0;1;0;0;0;0;0;0;0;0;0;0;0;0;0;0;0;0;0;0;0
Son_Bosc;No;13/05/2021;5;1;Yellow;0;0;0;0;0;2;0;0;14;0;0;0;0;6;0;0;0;0;0;0;0;0;5;11;0;1;0;0;0;0;9;0;1;0;3;0;0;0;0;0;0;12;0;0;0;23;0;0;0;0;2;0;0;0;0;0;0;1;0;0;0;0;0;0;0;0;0;0;0;0;0;0;7;0;0;0;0;0;0;0;0;0;0;0;1;0;0;0;0;0;0;1;0;0;0;0;13;0;0;1;0;0;0;0;0;5;0;0;0;39;0;0;0;8;11;12;0;0;1;0;0;0;0;0
Son_Bosc;No;15/05/2021;5;2;Yellow;0;0;0;0;0;1;0;0;9;0;0;0;0;8;0;0;0;0;0;0;0;0;4;5;0;0;0;0;0;0;6;0;1;0;6;0;0;0;1;0;0;5;0;0;0;26;0;0;0;0;0;0;0;0;0;0;0;0;0;0;0;0;0;0;0;0;0;0;0;0;0;0;9;0;0;0;0;0;0;0;0;0;0;0;0;0;0;1;0;0;0;1;0;0;0;0;4;0;0;0;0;0;0;0;0;0;0;0;0;22;0;0;0;0;5;4;0;0;0;0;0;0;0;0
Son_Bosc;No;13/05/2021;5;1;Blue;0;0;0;0;0;0;0;0;0;0;0;0;0;18;0;0;1;0;0;1;3;0;2;0;0;0;0;0;0;0;9;0;1;1;10;0;0;0;0;0;0;0;0;0;0;16;7;0;0;0;0;0;0;0;0;0;0;0;2;0;0;0;0;0;0;0;0;0;0;0;0;0;1;0;0;1;0;0;0;0;0;0;0;0;0;0;0;0;0;0;0;0;0;0;0;0;10;0;0;0;0;0;0;0;0;0;0;1;0;21;0;0;0;0;1;0;0;0;0;0;0;0;0;0
Son_Bosc;No;15/05/2021;5;2;Blue;0;0;0;0;0;0;0;0;0;0;0;0;0;5;0;0;0;0;0;0;1;0;0;0;0;0;0;0;0;0;3;0;0;0;2;0;0;0;2;0;0;0;0;0;0;22;0;1;0;0;0;0;0;0;0;0;0;0;0;0;0;0;0;0;0;0;0;0;0;0;0;0;0;0;0;5;0;0;0;0;0;0;0;0;1;0;0;0;0;0;0;0;0;0;0;0;1;0;0;0;0;0;0;0;0;0;0;0;0;35;0;0;0;0;0;3;0;0;0;0;0;0;0;0
Son_Bosc;No;13/05/2021;5;1;White;0;0;0;0;0;0;2;0;0;0;0;0;0;0;13;0;0;0;0;0;5;0;1;0;1;0;0;0;0;0;5;0;0;0;4;0;0;0;0;0;0;0;0;0;0;0;0;0;0;0;0;0;0;0;0;0;0;0;1;0;0;0;0;0;0;0;0;26;0;0;0;0;3;0;0;7;0;0;0;0;0;0;0;0;0;2;0;0;0;0;0;0;0;0;0;0;8;0;0;0;0;0;0;0;0;0;0;0;0;0;0;0;0;0;0;0;0;0;0;0;0;0;0;0
Son_Bosc;No;15/05/2021;5;2;White;0;0;1;0;0;0;0;0;2;0;0;0;0;0;9;0;0;0;0;0;7;0;2;0;1;0;0;0;0;0;4;0;0;1;2;0;0;0;0;0;0;0;0;0;0;0;0;0;0;0;2;0;0;0;0;0;0;0;1;0;0;0;0;0;0;0;0;18;0;0;0;0;2;0;0;5;0;0;0;0;0;0;0;0;0;0;0;0;0;0;0;0;0;0;0;0;2;0;0;1;0;0;0;0;0;0;0;0;0;0;0;0;0;0;0;0;0;0;0;0;0;0;0;0
Son_Doblons;Yes;24/04/2021;4;1;Yellow;0;0;1;0;0;0;0;0;0;0;1;0;0;6;0;0;0;0;0;0;0;0;0;5;0;0;0;0;0;0;0;0;0;0;0;0;0;0;0;0;0;0;0;0;0;1;0;0;0;0;0;0;0;0;0;0;0;0;0;0;0;0;0;0;0;0;0;0;0;0;0;0;1;0;0;0;0;0;0;0;0;0;0;0;1;0;0;0;0;0;0;2;0;0;0;0;0;0;0;0;0;0;0;0;0;0;0;0;0;0;0;0;0;0;0;10;0;0;0;0;0;0;0;0
Son_Doblons;Yes;26/04/2021;4;2;Yellow;0;0;0;0;0;0;0;0;1;0;0;0;0;33;0;0;0;0;0;0;0;0;4;10;0;0;0;0;0;0;3;0;0;0;1;0;0;0;1;0;0;0;0;0;0;5;0;0;0;0;0;0;0;0;0;0;0;0;0;0;0;0;0;0;0;0;0;0;0;0;1;0;0;0;0;0;1;0;0;0;0;0;0;0;0;0;0;0;0;0;0;2;0;0;0;0;4;0;0;0;0;0;0;0;0;0;0;0;0;5;0;0;0;0;0;5;0;0;0;0;0;0;0;0
Son_Doblons;Yes;28/04/2021;4;3;Yellow;0;0;0;0;0;0;0;0;1;0;0;0;0;35;0;0;0;0;0;0;0;0;2;4;0;0;0;0;0;0;8;0;0;0;2;0;0;0;0;0;0;0;0;0;0;14;0;0;0;0;0;0;0;0;0;0;0;0;0;0;0;0;0;0;0;0;0;1;1;0;0;0;2;0;0;0;10;0;0;0;0;0;0;0;0;0;0;0;0;0;0;4;0;0;0;0;8;0;0;0;0;0;0;0;0;0;0;0;0;2;0;0;0;0;0;7;0;0;0;0;0;0;0;0
Son_Doblons;Yes;30/04/2021;4;4;Yellow;0;0;1;0;0;0;0;0;0;0;0;0;0;42;0;0;1;0;0;2;0;0;0;10;0;0;0;0;0;0;2;0;0;0;1;0;0;0;1;0;0;0;0;0;0;1;0;0;0;0;0;0;0;0;3;0;0;0;0;0;0;0;1;0;0;0;0;0;0;0;0;0;1;0;0;0;0;0;1;0;0;0;0;0;0;0;0;0;0;0;0;3;0;0;0;0;1;0;0;0;0;0;0;0;0;0;0;0;0;1;0;0;0;0;0;3;0;0;0;0;0;0;0;0
Son_Doblons;Yes;04/05/2021;5;5;Yellow;0;0;0;0;0;0;0;0;0;0;0;0;0;56;0;0;0;0;0;2;0;0;10;11;0;0;0;0;0;0;7;0;0;0;2;0;0;0;0;0;0;0;0;0;0;20;0;0;0;0;0;0;0;0;0;0;0;0;0;0;0;0;2;0;0;0;0;0;1;0;0;0;1;0;0;0;0;0;0;0;0;0;0;0;1;0;0;0;0;0;0;2;0;0;0;0;3;0;0;0;0;0;0;0;0;0;0;1;0;1;0;0;0;0;0;3;0;0;0;0;0;0;0;0
Son_Doblons;Yes;24/04/2021;4;1;Blue;0;0;0;0;0;2;0;0;0;0;0;0;0;36;0;0;0;0;0;0;0;0;0;7;0;0;0;0;0;2;0;0;0;0;6;0;0;0;0;0;0;0;0;0;0;0;0;0;0;0;0;0;0;0;1;0;0;0;0;0;0;0;0;0;0;0;0;0;0;0;0;0;0;0;0;0;0;0;0;0;0;0;0;0;0;0;0;0;0;0;0;0;0;0;0;0;1;0;0;0;0;0;0;0;0;0;0;1;0;4;0;0;0;0;0;2;0;0;0;0;0;0;0;0
Son_Doblons;Yes;26/04/2021;4;2;Blue;0;0;0;0;0;4;0;0;0;0;1;0;0;18;0;0;1;0;0;1;0;0;1;1;0;0;0;0;0;2;0;0;0;0;2;0;0;0;0;0;0;0;0;0;0;2;0;0;0;0;0;0;0;0;0;0;0;0;0;0;0;0;0;0;0;0;0;0;0;0;0;0;0;0;0;0;0;0;0;0;0;0;0;0;0;0;0;0;0;0;0;0;0;0;0;0;5;0;0;0;0;0;0;0;0;0;0;0;0;3;0;0;0;0;0;0;0;0;0;0;0;0;0;0
Son_Doblons;Yes;28/04/2021;4;3;Blue;0;0;0;0;0;1;0;0;0;0;0;0;0;5;0;0;0;0;0;0;2;0;3;2;0;0;0;0;0;2;0;0;0;0;1;0;0;0;1;0;0;0;1;0;0;14;0;0;0;0;0;0;0;0;0;0;0;0;0;0;0;0;0;0;0;0;0;0;0;0;0;0;0;0;0;0;0;0;0;0;0;0;0;0;0;0;2;0;0;0;0;1;0;0;1;0;1;0;0;0;0;0;0;0;0;0;0;0;0;0;0;0;0;0;0;0;0;1;0;0;0;0;0;0
Son_Doblons;Yes;30/04/2021;4;4;Blue;0;0;0;0;0;0;0;0;1;0;0;0;0;20;0;0;0;0;0;0;3;0;0;2;0;0;0;0;0;3;0;0;0;0;2;0;0;0;0;0;0;0;0;0;0;53;0;0;0;0;0;0;0;0;0;0;0;0;0;0;0;0;1;0;0;0;0;0;0;0;0;0;0;0;0;0;0;0;0;0;0;0;0;0;0;0;0;0;0;0;0;0;0;0;0;0;1;0;0;0;0;0;0;0;0;0;0;0;0;2;0;0;0;0;0;5;0;0;0;0;0;0;0;0
Son_Doblons;Yes;04/05/2021;5;5;Blue;0;0;0;0;0;0;0;0;0;0;0;0;0;18;0;0;0;0;0;0;1;0;8;2;0;0;0;0;0;3;0;3;0;0;2;0;0;0;1;0;1;0;0;0;0;3;0;0;0;0;0;0;0;0;1;0;0;0;0;0;0;0;2;0;0;0;0;0;1;0;0;0;1;0;0;0;0;0;0;0;0;0;0;0;0;0;0;0;0;0;0;0;0;0;0;0;3;0;0;0;0;0;0;0;0;0;0;0;0;4;0;0;0;0;0;5;0;1;0;0;0;0;0;0
Son_Doblons;Yes;24/04/2021;4;1;White;0;0;0;0;0;0;0;0;0;0;1;0;0;24;0;0;0;0;0;0;0;0;0;7;0;0;0;0;0;0;4;0;0;0;1;0;0;0;1;0;0;0;0;0;0;4;0;0;0;0;0;0;0;0;0;0;0;0;0;0;0;0;0;0;0;0;0;0;0;0;0;0;1;0;0;0;0;0;0;0;0;0;0;0;0;0;0;0;0;0;0;0;0;0;1;0;2;0;0;0;0;0;0;0;0;0;0;1;0;0;0;0;0;0;0;5;0;0;0;0;0;0;0;0
Son_Doblons;Yes;26/04/2021;4;2;White;0;0;0;0;0;0;0;0;0;0;0;0;0;16;0;0;0;0;0;0;0;0;0;2;0;0;0;0;0;0;1;0;0;0;1;0;0;0;0;0;0;0;0;0;0;6;0;0;0;0;0;0;0;0;0;0;0;0;0;0;0;0;0;0;0;0;0;0;0;0;0;0;0;0;0;0;0;0;0;0;0;0;0;0;0;0;0;0;0;0;0;1;0;0;0;0;1;0;0;0;0;0;0;0;0;0;0;1;0;3;0;0;0;0;0;6;0;0;0;0;0;0;0;0
Son_Doblons;Yes;28/04/2021;4;3;White;0;0;0;0;0;0;0;0;1;0;0;0;0;11;0;0;0;0;0;0;1;0;4;4;0;0;0;0;0;0;3;0;0;0;4;0;0;0;0;0;0;0;0;0;0;16;0;0;0;0;0;0;0;0;0;0;0;0;0;0;0;0;0;0;0;0;0;0;0;0;0;0;0;0;0;0;0;0;0;0;0;0;0;0;0;0;0;0;0;0;0;0;0;0;0;0;1;0;0;0;0;0;0;0;0;0;0;1;0;1;0;0;0;0;0;11;0;0;0;0;0;0;0;0
Son_Doblons;Yes;30/04/2021;4;4;White;0;0;0;0;0;0;0;0;0;0;0;0;0;5;0;0;0;0;0;0;3;0;0;2;0;0;0;0;0;0;11;0;0;0;1;0;0;0;0;0;0;0;0;0;0;5;0;0;0;0;0;0;0;0;0;0;0;0;0;0;0;0;0;0;0;0;0;0;0;0;0;0;0;0;0;0;0;0;0;0;0;0;0;0;0;0;0;0;0;0;0;1;0;0;0;0;0;0;0;0;0;0;0;0;0;0;0;0;0;1;0;0;0;0;0;2;0;0;1;0;0;0;0;0
Son_Doblons;Yes;04/05/2021;5;5;White;0;0;0;0;0;0;0;0;1;0;0;0;0;17;0;0;0;0;0;0;0;0;2;4;0;0;0;0;0;0;3;1;0;0;0;0;0;0;1;0;0;0;0;0;0;24;0;0;0;0;0;0;0;0;0;0;0;0;0;0;0;0;0;0;0;0;0;0;0;0;0;0;0;0;0;0;0;0;0;0;0;0;0;0;0;0;0;0;0;0;0;0;0;0;0;0;4;0;0;0;0;0;0;0;0;0;0;1;0;3;0;0;0;0;0;2;0;1;0;0;0;0;0;0
Son_Gual;Yes;24/04/2021;4;1;Yellow;0;0;0;6;0;0;1;0;2;0;0;0;0;70;0;0;0;0;0;0;0;0;0;5;0;0;0;0;0;0;5;0;0;0;1;0;0;0;0;0;0;0;0;0;0;9;0;0;0;0;0;0;0;0;0;0;0;0;0;0;0;0;0;0;0;0;0;2;0;0;0;0;2;0;0;0;0;0;0;0;0;0;0;0;0;0;0;0;0;0;1;1;0;0;0;0;7;0;0;0;0;0;0;0;0;0;0;0;0;0;0;0;0;0;0;7;0;0;5;0;0;0;0;0
Son_Gual;Yes;26/04/2021;4;2;Yellow;0;0;2;0;0;0;0;0;0;0;0;0;0;35;0;0;0;0;0;1;3;5;0;4;0;0;0;0;0;0;3;0;0;0;0;0;0;0;0;0;0;0;0;0;0;9;0;0;0;0;0;0;0;0;0;0;0;0;0;0;0;0;0;0;0;0;0;0;0;0;0;0;0;0;0;0;0;0;0;0;0;0;0;0;1;0;0;0;0;0;0;0;0;0;0;0;3;0;0;0;0;0;0;0;0;0;0;0;0;1;0;0;0;0;0;8;0;0;3;0;0;0;0;0
Son_Gual;Yes;28/04/2021;4;3;Yellow;0;0;2;1;0;0;0;0;1;0;0;0;0;97;0;0;0;0;0;0;4;0;1;3;0;0;0;0;0;0;3;0;0;0;0;0;0;0;0;0;0;0;0;0;0;0;0;0;0;0;0;0;0;0;0;0;0;0;0;0;0;0;0;0;0;0;0;0;0;0;0;0;0;0;0;0;0;0;0;0;0;0;0;0;1;0;0;0;0;0;0;2;0;0;0;0;9;0;0;0;0;0;0;0;0;1;0;0;0;0;0;0;1;0;0;5;0;0;2;0;0;0;0;0
Son_Gual;Yes;30/04/2021;4;4;Yellow;0;0;0;2;0;0;0;0;1;0;0;0;0;148;0;0;1;0;0;0;2;1;1;1;0;0;0;0;0;0;10;0;0;0;3;0;0;0;0;0;0;0;0;0;0;4;0;0;0;0;0;0;0;0;0;0;0;0;0;0;0;0;0;0;0;0;0;0;0;0;0;0;0;0;0;0;0;0;0;0;0;0;0;0;1;0;0;0;0;0;0;1;0;0;0;0;6;0;0;0;0;0;0;0;0;1;0;0;0;0;0;0;0;0;0;8;0;0;6;0;0;0;0;0
Son_Gual;Yes;04/05/2021;5;5;Yellow;0;0;2;0;0;0;0;0;0;0;0;0;0;126;0;0;0;0;0;0;3;0;1;1;0;0;0;0;0;0;4;0;0;0;1;0;0;0;0;0;0;0;0;0;0;1;0;0;0;0;0;0;0;0;0;0;0;0;0;0;0;0;0;0;0;0;0;0;1;0;0;0;3;0;0;0;0;0;0;0;0;0;0;0;0;0;0;0;0;0;0;1;0;0;0;0;6;0;0;1;0;0;0;0;0;6;0;1;0;1;0;0;0;0;1;4;0;0;0;0;0;0;0;0
Son_Gual;Yes;24/04/2021;4;1;Blue;1;0;0;0;0;1;0;0;0;0;0;0;0;22;0;0;0;0;0;0;0;0;0;1;0;0;0;0;0;1;0;0;0;0;1;0;0;0;0;0;0;0;0;0;0;0;0;0;0;0;0;0;0;0;1;0;0;0;0;0;0;0;1;0;0;0;0;0;0;0;0;0;0;0;0;0;0;0;0;0;0;0;0;0;0;0;0;0;0;0;0;0;0;0;0;0;1;0;0;0;0;0;0;0;0;0;0;0;0;0;0;0;0;0;0;1;0;0;0;0;0;0;0;0
Son_Gual;Yes;26/04/2021;4;2;Blue;0;0;0;0;0;2;0;0;0;0;0;0;0;13;0;0;0;0;0;0;0;0;2;1;0;0;0;0;0;1;0;0;0;0;2;0;0;0;0;0;0;0;0;0;0;2;0;0;0;0;0;1;0;0;0;0;0;0;0;0;0;0;0;0;0;0;0;0;0;0;0;0;0;0;0;0;0;0;0;0;0;0;0;0;2;0;0;0;0;0;0;0;0;0;0;0;1;0;0;0;0;0;0;0;0;0;0;0;0;0;0;0;0;0;0;1;0;0;1;0;0;0;0;0
Son_Gual;Yes;28/04/2021;4;3;Blue;0;0;0;0;0;0;0;0;0;0;0;0;0;18;0;0;0;0;0;0;1;0;1;0;0;0;0;0;0;0;0;0;0;0;0;0;0;0;0;0;0;0;0;0;0;1;0;0;0;0;0;0;0;0;1;0;0;0;0;0;0;0;0;0;0;0;0;0;0;0;0;0;0;0;0;0;0;0;0;0;0;0;0;0;1;0;0;0;0;0;0;0;0;0;0;0;4;0;0;0;0;0;0;0;0;0;0;0;0;3;0;0;0;0;0;0;0;0;0;0;0;0;0;0
Son_Gual;Yes;30/04/2021;4;4;Blue;0;0;0;0;0;2;0;0;1;0;0;0;0;42;0;0;0;0;0;0;0;0;5;1;0;0;0;0;0;0;0;0;0;0;2;0;0;0;0;0;0;0;0;0;0;1;0;0;0;0;0;0;0;0;0;0;0;0;0;0;0;0;0;0;0;0;0;0;0;0;0;0;0;0;0;0;0;0;0;0;0;0;0;0;0;0;0;0;0;0;0;0;0;0;0;0;4;0;0;0;0;0;0;0;0;0;0;2;0;0;1;0;0;0;0;0;0;0;1;0;0;0;0;0
Son_Gual;Yes;04/05/2021;5;5;Blue;0;0;0;0;0;3;0;0;0;0;0;0;0;24;0;0;0;0;0;0;0;0;3;0;0;0;0;0;0;1;0;0;0;0;2;0;0;0;0;0;0;0;0;0;0;1;0;0;0;0;0;0;0;0;0;0;0;0;0;0;0;0;0;0;0;0;0;0;0;0;0;0;1;0;0;0;0;0;0;0;0;0;0;0;0;0;0;0;0;0;0;0;0;0;0;0;2;0;0;0;0;0;0;0;0;0;0;0;0;1;0;0;0;0;0;0;0;0;0;0;0;0;0;0
Son_Gual;Yes;24/04/2021;4;1;White;0;0;0;0;0;0;0;0;0;0;0;0;0;58;0;0;0;0;0;0;1;0;0;2;0;0;0;0;0;0;1;0;0;0;1;0;0;0;0;0;0;0;0;0;0;2;0;0;0;0;0;0;0;0;0;0;0;0;0;0;0;0;0;0;0;0;0;0;0;0;0;0;0;0;0;0;0;0;0;0;0;0;0;0;0;0;0;0;0;0;0;1;0;0;0;0;5;0;0;0;0;0;0;0;0;0;0;1;0;0;0;0;0;0;0;1;0;0;0;0;0;0;0;0
Son_Gual;Yes;26/04/2021;4;2;White;0;0;0;0;0;0;0;1;0;0;0;0;0;33;0;0;0;0;0;0;1;0;0;3;0;0;0;0;0;0;1;0;0;0;2;0;0;0;0;0;0;0;0;0;0;7;0;0;0;0;0;0;0;0;0;0;0;0;0;0;0;0;0;0;0;0;0;0;0;0;0;0;0;0;0;0;0;0;0;0;0;0;0;0;0;0;0;0;0;0;0;0;0;0;0;0;3;0;0;0;0;0;0;0;0;0;0;0;0;1;0;0;0;0;0;2;0;0;0;0;0;0;0;0
Son_Gual;Yes;28/04/2021;4;3;White;0;0;0;0;0;0;0;0;0;0;0;0;0;43;0;0;0;0;0;0;0;0;5;0;0;0;0;0;0;0;0;0;0;0;0;0;0;0;0;0;0;0;0;0;0;3;0;0;0;0;0;0;0;0;0;0;0;0;0;0;0;0;0;0;0;0;0;0;0;0;0;0;0;0;0;0;0;0;0;0;0;0;0;0;0;0;0;0;0;0;0;0;0;0;0;0;1;0;0;0;0;0;0;0;0;0;0;2;0;0;0;0;0;0;0;1;0;0;0;0;0;0;0;0
Son_Gual;Yes;30/04/2021;4;4;White;1;0;0;0;0;0;0;0;1;0;0;0;0;39;0;0;0;0;0;0;0;0;1;3;0;0;0;0;0;0;1;0;0;0;2;0;0;0;0;0;0;0;0;0;0;9;0;0;0;0;0;0;0;0;0;0;0;0;0;0;0;0;0;0;0;0;0;0;0;0;0;0;0;0;0;0;0;0;0;0;0;0;0;0;0;0;0;0;0;0;0;0;0;0;0;0;7;0;0;0;0;0;0;0;0;0;0;0;0;1;0;0;0;0;0;3;0;0;0;0;0;0;0;0
Son_Gual;Yes;04/05/2021;5;5;White;0;0;0;0;0;0;0;0;1;0;0;0;0;41;0;0;0;0;0;0;0;0;1;0;0;0;0;0;0;0;1;0;0;0;3;0;0;0;0;0;0;0;0;0;0;3;0;0;0;0;0;0;0;0;0;0;0;0;0;0;0;0;0;0;0;0;0;0;0;0;0;0;0;0;0;0;0;0;0;0;0;0;0;0;1;0;0;0;0;0;0;1;0;0;0;0;3;0;0;1;0;0;0;0;0;0;0;0;0;1;0;0;0;0;0;7;0;0;0;0;0;0;0;0
Son_Real;No;24/04/2021;4;1;Yellow;0;0;2;0;0;0;0;1;1;0;0;0;0;17;0;0;0;1;0;0;3;0;36;12;0;0;0;0;0;0;2;0;0;0;8;0;0;0;0;0;0;0;0;0;0;27;0;0;0;1;0;0;0;0;0;0;0;0;0;0;0;0;0;0;0;0;0;0;0;0;0;0;0;2;0;0;0;0;0;0;0;0;0;3;0;0;0;0;0;0;0;1;0;0;0;0;2;0;0;0;0;0;0;0;0;1;0;1;0;0;0;0;1;0;0;2;0;0;0;0;0;0;0;0
Son_Real;No;26/04/2021;4;2;Yellow;0;0;0;0;0;0;0;0;2;0;0;0;0;26;0;0;0;0;0;0;5;40;2;3;0;0;0;0;0;0;1;0;0;0;9;0;0;0;0;0;0;0;0;0;0;4;0;0;0;1;1;0;0;0;0;0;0;0;0;0;0;0;0;0;0;0;0;0;0;0;1;0;0;0;0;0;1;0;0;0;0;0;0;2;0;0;0;0;0;0;0;1;0;0;0;0;2;0;0;0;0;0;0;0;0;3;0;1;0;1;0;0;0;0;0;5;0;0;0;0;0;0;0;0
Son_Real;No;28/04/2021;4;3;Yellow;0;0;0;0;0;0;0;0;1;0;0;0;0;20;0;0;0;0;0;0;2;3;2;8;0;0;0;0;0;0;4;0;0;0;4;0;0;0;0;0;0;0;0;0;0;12;0;0;0;1;1;0;0;0;0;0;0;0;0;0;0;0;0;0;0;0;0;0;0;0;0;0;0;0;0;0;1;0;0;0;0;0;0;1;0;0;0;0;0;0;0;3;0;0;0;0;1;0;0;0;0;0;0;0;0;0;0;0;0;3;0;0;0;0;1;2;0;0;0;0;0;0;0;0
Son_Real;No;30/04/2021;4;4;Yellow;0;0;0;0;0;0;0;0;1;0;0;0;0;13;0;0;0;0;0;0;2;0;1;6;0;0;0;0;0;0;1;0;0;0;0;0;0;0;0;0;0;0;0;0;0;3;0;0;0;1;0;0;0;0;0;0;0;0;0;0;0;0;0;0;0;0;0;0;0;0;0;0;1;0;0;0;1;0;0;0;0;0;0;2;0;0;0;1;0;0;0;1;0;0;0;0;0;0;0;0;0;0;0;0;0;0;0;0;0;0;0;0;0;0;0;7;0;0;0;0;0;0;0;0
Son_Real;No;04/05/2021;5;5;Yellow;0;0;0;0;0;0;0;0;5;0;0;0;0;26;0;0;0;0;0;0;1;1;1;2;0;0;0;0;0;0;0;0;0;0;7;0;0;0;0;0;0;0;0;0;0;10;0;0;0;0;0;0;0;0;0;0;0;0;0;0;0;0;0;0;0;0;0;0;0;0;0;0;0;0;0;0;0;0;0;0;0;0;0;2;0;0;0;1;0;0;0;3;0;0;0;0;0;0;0;0;0;0;0;0;0;0;0;0;0;0;0;0;0;0;1;7;0;0;0;0;0;0;0;0
Son_Real;No;24/04/2021;4;1;Blue;0;0;0;0;0;1;0;0;0;0;0;0;0;10;0;0;0;0;0;0;0;0;1;1;0;0;0;0;0;0;0;0;0;0;3;0;0;0;0;0;0;0;0;0;0;2;0;0;0;0;0;0;0;0;0;0;0;0;0;0;0;0;0;0;0;0;0;0;0;0;0;0;0;0;0;0;0;0;0;0;0;0;0;0;0;0;0;0;0;0;0;0;0;0;0;0;3;0;0;0;0;0;0;0;0;0;0;0;0;0;0;0;0;0;0;3;0;0;0;0;0;0;0;0
Son_Real;No;26/04/2021;4;2;Blue;0;0;0;0;0;0;0;0;1;0;0;0;0;12;0;0;0;0;0;0;1;0;2;3;0;0;0;0;0;3;0;0;0;0;7;0;0;0;0;0;0;0;0;0;0;0;0;0;0;0;0;0;0;0;0;0;0;0;0;0;0;0;0;0;0;0;0;0;0;0;0;0;0;0;0;0;0;0;0;0;0;0;0;0;0;0;0;0;0;0;0;0;0;0;0;0;2;0;0;0;0;0;0;0;0;0;0;0;0;3;0;0;0;0;0;1;0;0;0;0;0;0;0;0
Son_Real;No;28/04/2021;4;3;Blue;0;0;0;0;0;0;0;0;0;0;0;0;0;13;0;0;0;0;0;0;0;0;2;1;0;0;0;0;0;0;0;0;0;0;5;0;0;0;1;0;0;0;0;0;0;2;0;0;0;0;0;0;0;0;0;0;0;0;0;0;0;0;0;0;0;0;0;0;0;0;0;0;1;0;0;0;0;0;0;0;0;0;0;0;1;0;0;0;0;0;0;0;0;0;0;0;2;0;0;0;0;0;0;0;0;0;0;0;0;2;0;0;0;0;0;0;0;0;0;0;0;0;0;0
Son_Real;No;30/04/2021;4;4;Blue;0;0;0;0;0;2;0;0;0;0;0;0;0;9;0;0;0;0;0;0;0;0;0;2;0;0;0;0;0;1;0;0;0;0;9;0;0;0;0;0;0;0;0;0;0;0;0;0;0;0;0;0;0;0;0;0;0;0;0;0;0;0;0;0;0;0;0;0;0;0;0;0;1;0;0;0;0;0;0;0;0;0;0;0;0;0;0;0;0;0;0;0;0;0;0;0;1;0;0;0;0;0;0;0;0;0;0;0;0;0;0;0;0;0;0;0;0;0;0;0;0;0;0;0
Son_Real;No;04/05/2021;5;5;Blue;0;0;1;1;0;0;0;0;0;0;0;0;0;16;0;0;0;0;0;0;1;0;4;3;0;0;0;0;0;0;0;0;0;0;11;0;0;0;0;0;0;0;0;0;0;1;0;0;0;0;0;0;0;0;0;0;0;0;0;0;0;0;0;0;0;0;0;0;0;0;0;0;0;0;0;0;0;0;0;0;0;0;0;0;0;0;0;0;0;0;0;0;0;0;0;0;1;0;0;0;0;0;0;0;0;0;0;0;0;0;0;0;0;0;0;0;0;0;0;0;0;0;0;0
Son_Real;No;24/04/2021;4;1;White;0;0;0;0;0;0;0;0;0;0;0;0;0;18;0;0;0;0;0;0;0;0;5;6;0;0;0;0;0;0;1;0;0;0;10;0;0;0;0;0;0;0;0;0;0;1;0;0;0;0;0;0;0;0;0;0;0;0;0;0;0;0;0;0;0;0;0;0;0;0;0;0;0;0;0;0;0;0;0;0;0;0;0;0;0;0;0;0;0;0;0;0;0;0;0;0;1;0;0;0;0;0;0;0;0;0;0;1;0;2;0;0;0;0;0;1;0;0;0;0;0;0;0;0
Son_Real;No;26/04/2021;4;2;White;0;0;0;0;0;0;0;0;0;0;0;0;0;16;0;0;0;0;0;0;0;0;2;2;0;0;0;0;0;0;3;0;0;0;3;0;0;0;0;0;0;0;0;0;0;2;0;0;0;0;0;0;0;0;0;0;0;0;0;0;0;0;0;0;0;0;0;0;0;0;0;0;0;0;0;0;0;0;0;0;0;0;0;0;0;0;0;0;0;0;0;0;0;0;0;0;1;0;0;0;0;0;0;0;0;2;0;0;0;0;0;0;0;0;0;4;0;0;0;0;0;0;0;0
Son_Real;No;28/04/2021;4;3;White;0;0;0;0;0;0;0;0;0;0;0;0;0;13;0;0;0;0;0;0;0;0;1;3;0;0;0;0;0;0;0;0;0;0;4;0;0;0;1;0;0;0;0;0;0;8;0;0;0;0;0;0;0;0;0;0;0;0;0;0;0;0;0;0;0;0;0;0;0;0;0;0;0;0;0;0;0;0;0;0;0;0;0;0;0;0;0;0;0;0;0;1;0;0;0;0;0;0;0;0;0;0;0;0;0;0;0;0;0;1;0;1;0;0;0;3;0;0;0;0;0;0;0;0
Son_Real;No;30/04/2021;4;4;White;1;0;0;0;0;0;0;0;0;0;0;0;0;12;0;0;0;0;0;0;3;0;0;2;0;0;0;0;0;0;0;0;0;0;3;0;0;0;1;0;0;0;0;0;0;3;0;0;0;0;0;0;0;1;0;0;0;0;0;0;0;0;0;0;0;0;0;0;0;0;0;0;0;0;0;0;0;0;0;0;0;0;0;0;1;0;0;0;0;0;0;1;0;0;0;0;0;0;0;0;0;0;0;0;0;1;0;0;0;0;0;0;0;0;0;0;0;0;0;0;0;0;0;0
Son_Real;No;04/05/2021;5;5;White;0;0;0;0;0;0;0;0;0;0;0;0;0;25;0;0;0;0;0;0;0;0;2;2;0;0;0;0;0;0;1;0;0;0;6;0;0;0;0;0;0;0;0;0;0;4;0;0;0;0;0;0;0;1;0;0;0;0;0;0;0;0;0;0;0;0;0;0;0;0;0;0;0;0;0;0;0;0;0;0;0;0;0;0;0;0;0;0;0;0;0;0;0;0;0;0;2;0;0;0;0;0;0;0;0;2;0;0;0;0;0;0;0;0;0;1;0;0;0;0;0;0;0;0
Son_Veri;No;29/04/2021;4;1;Yellow;0;0;0;0;0;0;0;0;4;0;0;0;0;5;0;0;4;0;0;0;3;0;1;23;0;0;0;0;0;0;5;0;0;0;0;0;0;0;0;0;0;0;0;0;0;3;0;0;0;0;0;0;0;0;0;0;0;0;0;0;0;0;0;0;0;0;0;0;0;0;0;0;0;0;0;0;0;0;0;0;0;0;0;0;0;0;0;0;0;0;0;0;0;0;0;0;9;0;0;0;0;0;0;0;0;0;0;0;0;1;0;0;0;0;0;3;0;0;0;0;0;0;0;0
Son_Veri;No;05/05/2021;5;2;Yellow;0;0;0;0;0;0;0;0;10;0;0;0;0;4;0;0;6;0;0;3;2;2;4;2;0;0;0;0;0;0;6;0;0;0;2;0;0;0;1;0;0;0;1;0;0;2;0;0;0;0;1;0;0;0;0;0;0;0;0;0;0;0;0;0;0;0;0;0;0;0;0;0;1;0;0;0;0;0;0;0;0;0;0;0;0;0;0;0;0;0;0;4;0;0;0;0;3;0;0;0;0;0;0;0;0;0;0;0;0;1;0;0;0;0;0;1;0;0;0;0;0;0;0;0
Son_Veri;No;07/05/2021;5;3;Yellow;0;0;0;1;0;0;0;0;10;0;0;0;0;4;0;0;11;0;0;0;3;6;11;3;0;0;0;0;0;0;2;0;0;0;4;0;0;0;0;0;0;0;0;0;0;0;0;0;0;0;1;0;0;0;0;0;0;0;0;0;0;0;0;0;0;0;0;0;0;0;0;0;0;7;0;0;0;0;0;0;0;0;0;0;0;0;0;0;0;0;0;3;0;0;0;0;4;0;0;0;0;0;0;0;0;0;0;0;0;0;0;0;0;0;0;1;0;0;1;0;0;0;0;0
Son_Veri;No;09/05/2021;5;4;Yellow;0;0;0;6;0;0;0;0;24;0;0;0;0;9;0;0;11;0;0;1;1;0;8;2;0;0;0;0;0;0;7;0;1;0;2;0;0;0;2;0;0;0;0;0;0;4;0;0;0;0;1;0;0;0;0;0;0;0;0;0;0;0;0;0;0;0;0;0;1;0;0;0;0;0;0;0;0;0;0;0;0;0;0;1;0;0;0;0;0;0;0;1;0;0;0;0;9;0;0;0;0;0;0;0;0;0;0;0;0;0;0;0;0;0;0;2;0;0;1;0;0;0;0;0
Son_Veri;No;13/05/2021;5;5;Yellow;0;0;0;9;0;0;0;0;37;0;0;0;0;7;0;0;28;0;0;0;0;0;3;7;0;0;0;0;0;0;6;0;0;0;1;0;0;0;1;0;0;0;0;0;0;0;0;0;0;0;1;0;0;0;0;0;0;0;0;0;0;0;0;0;0;0;0;0;0;0;0;0;1;0;0;0;0;0;0;0;0;0;0;0;0;0;0;0;0;0;0;1;0;0;0;0;2;0;0;0;0;0;0;0;0;0;0;0;0;0;0;0;0;0;0;4;0;0;2;0;0;0;0;0
Son_Veri;No;29/04/2021;4;1;Blue;0;0;0;1;0;0;0;0;0;0;0;0;0;0;0;0;0;0;0;1;0;0;0;5;0;0;0;0;0;3;0;1;0;0;1;0;0;0;0;0;0;0;1;0;0;2;0;0;0;0;0;0;0;0;0;0;0;0;0;0;0;0;0;0;0;0;0;0;0;0;0;0;0;0;0;0;0;0;0;0;0;0;0;0;1;0;0;0;0;0;0;0;0;0;0;0;3;0;0;0;0;0;0;0;0;0;0;0;0;7;0;0;0;0;0;1;0;0;0;0;0;0;0;0
Son_Veri;No;05/05/2021;5;2;Blue;0;0;0;0;0;1;0;0;1;0;0;0;0;2;0;0;1;0;0;0;0;0;6;3;0;0;0;0;0;3;0;0;0;0;2;0;0;0;1;0;0;0;0;0;0;3;0;0;0;0;0;0;0;0;0;0;0;0;0;0;0;0;0;0;0;0;0;0;0;0;0;0;1;0;0;0;0;0;0;0;0;0;0;0;0;0;0;0;0;0;0;2;0;0;0;0;5;0;0;0;0;0;0;0;0;0;0;0;0;2;0;0;0;0;0;0;0;0;0;0;0;0;0;0
Son_Veri;No;07/05/2021;5;3;Blue;0;0;0;0;0;0;0;0;0;0;0;0;0;0;0;0;1;0;0;1;1;0;1;1;0;0;0;0;0;0;0;0;0;0;1;0;0;0;1;0;0;0;1;0;0;1;0;0;0;0;1;0;0;0;0;0;0;0;0;0;0;0;0;0;0;0;0;0;0;0;0;0;0;0;0;0;0;0;0;0;0;0;0;0;0;0;0;0;0;0;0;1;0;0;0;0;3;0;0;0;0;0;0;0;0;0;0;0;0;0;0;0;0;0;0;1;0;0;0;0;0;0;0;0
Son_Veri;No;09/05/2021;5;4;Blue;0;0;0;3;0;0;0;0;0;0;0;0;0;4;0;0;0;0;0;0;1;0;6;3;0;0;0;0;0;1;0;0;0;0;0;0;0;0;4;0;0;0;1;0;0;0;0;0;0;0;1;0;0;0;0;0;0;0;0;0;0;0;0;0;0;0;0;0;0;0;0;0;1;0;0;0;0;0;0;0;0;0;0;0;0;0;0;0;0;0;0;0;0;0;0;0;6;0;0;1;0;0;0;0;0;0;0;0;0;4;0;0;0;0;0;0;0;0;0;0;0;0;0;0
Son_Veri;No;13/05/2021;5;5;Blue;0;0;0;1;0;1;0;0;0;0;0;0;0;1;0;0;12;0;0;0;0;0;5;2;0;0;0;0;0;2;0;0;0;0;1;0;0;0;0;0;0;0;0;0;0;0;0;0;0;0;0;0;0;0;0;0;0;0;0;0;0;0;0;0;0;0;0;0;0;0;0;0;0;0;0;0;0;0;0;0;0;0;0;0;0;0;0;0;0;0;0;0;0;0;0;0;2;0;0;0;0;0;0;0;0;0;0;2;0;1;0;0;0;0;0;1;0;0;0;0;0;0;0;0
Son_Veri;No;29/04/2021;4;1;White;0;0;0;0;0;0;1;0;0;0;0;0;0;0;0;0;0;0;1;0;0;0;0;3;2;0;0;0;0;0;1;0;0;0;1;0;0;0;1;0;0;0;0;0;0;0;0;0;0;0;0;0;0;0;0;0;0;0;0;0;0;0;0;0;0;0;0;0;0;0;0;0;0;0;0;0;0;0;0;0;0;0;0;0;0;0;0;0;0;0;0;0;0;0;0;0;4;0;0;0;0;0;0;0;0;0;0;0;0;0;0;0;0;0;0;0;0;0;0;0;0;0;0;0
Son_Veri;No;05/05/2021;5;2;White;0;0;0;0;0;0;1;0;0;0;0;0;0;0;0;0;0;0;1;0;0;0;3;0;2;0;0;0;0;0;2;0;0;0;1;0;0;0;0;0;0;0;0;0;0;0;0;0;0;0;1;0;0;0;0;0;0;0;0;0;0;0;0;0;0;0;0;2;0;0;1;0;1;0;0;0;0;0;0;0;0;0;0;0;0;0;0;0;0;0;0;0;0;0;0;0;4;0;0;0;0;0;0;0;0;0;0;0;0;0;0;0;0;0;0;0;0;0;0;0;0;0;0;0
Son_Veri;No;07/05/2021;5;3;White;0;0;0;0;0;0;0;0;2;0;0;0;0;0;1;0;0;0;1;0;0;0;0;0;8;0;0;0;0;0;3;0;0;0;0;0;0;0;2;0;0;0;0;0;0;0;0;0;0;0;1;0;0;0;0;0;0;0;0;0;0;0;0;0;0;0;0;1;0;0;0;0;0;0;0;0;0;0;0;0;0;0;0;0;0;0;0;0;0;0;0;0;0;0;0;0;2;0;0;0;0;0;0;0;1;0;0;0;0;0;0;0;0;0;0;0;0;0;0;0;0;0;0;0
Son_Veri;No;09/05/2021;5;4;White;0;0;0;0;0;0;4;0;2;0;0;0;0;0;2;0;0;0;1;0;0;0;0;1;6;0;0;0;0;0;2;1;0;0;1;0;0;0;1;0;0;0;0;0;0;0;0;0;0;0;2;0;0;0;0;0;0;0;0;0;0;0;0;0;0;0;0;3;0;0;0;0;0;0;0;0;0;0;0;0;0;0;0;0;0;0;0;0;0;0;0;0;0;0;0;0;4;0;0;1;0;0;0;0;0;0;0;0;0;0;0;0;0;0;0;0;0;0;0;0;0;0;0;0
Son_Veri;No;13/05/2021;5;5;White;1;0;0;0;0;0;0;0;1;0;0;0;0;0;1;0;0;0;7;0;0;0;0;2;0;0;0;0;0;0;0;0;0;0;2;0;0;0;0;0;0;0;0;0;0;0;0;0;0;0;1;0;0;0;0;0;0;0;0;0;0;0;0;0;0;0;0;1;0;0;0;0;1;0;0;0;0;0;0;0;0;0;0;0;0;0;0;0;0;0;0;0;0;0;0;0;1;0;0;0;0;0;0;0;0;0;0;0;0;0;0;0;0;0;0;0;0;0;0;0;0;0;0;0
UIB;No;29/04/2021;4;1;Yellow;0;0;0;5;0;0;0;0;23;0;2;0;0;6;0;0;2;0;0;0;1;1;12;9;0;0;0;0;0;0;2;0;0;0;2;0;0;0;8;0;0;0;0;0;0;9;0;0;0;0;0;0;0;0;0;0;0;0;0;0;0;0;0;0;0;0;0;3;2;0;5;0;1;0;0;0;0;0;0;0;0;0;0;0;5;0;0;0;0;0;0;21;0;0;4;0;3;0;0;0;0;0;0;0;0;0;0;0;0;4;0;0;0;0;0;11;0;0;0;0;0;0;0;0
UIB;No;05/05/2021;5;2;Yellow;0;0;0;1;0;0;0;0;30;0;1;0;1;12;0;0;2;0;0;1;1;0;5;4;0;0;0;0;0;0;2;0;0;0;3;0;0;0;3;0;0;0;0;0;0;11;0;0;0;0;0;0;0;0;0;0;0;0;0;0;0;0;0;0;0;0;0;0;1;0;0;0;1;0;0;0;0;0;0;0;0;0;0;0;1;0;0;0;0;0;0;11;0;0;1;0;5;0;0;0;0;0;0;0;0;2;0;0;0;5;0;0;0;0;0;12;0;0;1;0;0;0;0;0
UIB;No;08/05/2021;5;3;Yellow;0;0;0;8;0;0;0;0;87;0;0;0;0;21;0;0;11;0;0;1;2;0;16;3;0;0;0;0;0;0;14;0;0;0;6;0;0;0;5;0;0;0;0;0;0;12;0;0;0;0;0;0;0;1;0;0;0;0;0;0;0;0;0;0;0;0;0;0;2;0;2;1;3;0;0;0;0;0;0;0;0;0;0;0;2;0;0;1;0;0;0;4;0;0;1;0;2;0;0;3;0;0;0;0;0;0;0;3;0;0;0;0;0;0;0;6;0;0;0;0;0;0;0;0
UIB;No;13/05/2021;5;4;Yellow;0;0;0;4;0;0;0;0;13;0;0;0;0;37;0;0;51;0;0;0;1;0;33;1;0;0;0;0;0;0;11;0;1;1;2;0;0;0;6;0;0;0;0;0;0;9;0;0;0;1;1;0;0;0;0;0;0;0;0;0;0;0;0;0;0;0;0;0;1;0;0;1;1;0;0;0;0;0;0;0;0;0;0;0;2;0;0;0;0;0;0;6;0;0;0;0;5;0;0;5;0;0;0;0;0;3;0;0;0;0;0;0;0;0;0;10;0;0;0;0;0;0;0;0
UIB;No;29/04/2021;4;1;Blue;0;0;0;0;0;0;0;0;0;0;0;0;0;9;0;0;3;0;0;0;0;0;1;3;0;0;0;0;0;0;0;0;0;0;0;0;0;0;3;0;0;0;0;0;0;15;0;0;0;0;1;0;0;0;0;0;0;0;0;0;0;0;0;0;0;0;0;0;1;0;6;0;0;0;0;0;0;0;0;2;0;0;0;0;4;0;0;0;0;0;1;3;0;0;3;0;2;0;0;0;0;0;0;0;0;0;0;0;0;3;0;0;0;0;1;3;0;0;0;0;0;0;0;0
UIB;No;05/05/2021;5;2;Blue;0;0;0;0;0;0;0;0;0;0;0;0;0;1;0;0;0;0;0;1;0;0;2;0;0;0;0;0;0;0;0;0;0;0;0;0;0;0;2;0;0;0;0;0;0;9;0;0;0;0;0;0;0;0;0;0;0;0;0;0;0;0;0;0;0;0;0;0;0;0;0;0;0;0;0;0;0;0;0;0;0;0;0;0;0;0;0;0;0;0;0;1;0;0;0;0;2;0;0;0;0;0;0;0;0;0;0;1;0;0;0;0;0;0;0;0;0;0;0;0;0;0;0;0
UIB;No;08/05/2021;5;3;Blue;0;0;0;0;0;0;0;0;0;0;0;0;0;2;0;0;2;0;0;0;0;0;1;0;0;0;0;0;0;0;2;0;0;0;0;0;0;0;2;0;0;0;0;0;0;11;0;0;0;0;1;0;0;0;0;0;0;0;0;0;0;0;0;0;0;0;0;0;0;0;0;0;2;0;0;0;0;0;0;0;0;0;0;0;1;0;0;0;0;0;0;1;0;0;0;0;4;0;0;0;0;0;0;0;0;0;0;2;0;3;0;0;0;0;0;0;0;1;0;0;0;0;0;0
UIB;No;13/05/2021;5;4;Blue;0;0;0;0;0;0;0;0;0;0;1;0;0;2;0;0;7;0;0;0;0;0;4;0;0;0;0;0;0;0;7;0;0;0;1;0;0;0;1;0;0;1;0;0;0;9;0;0;0;0;1;0;0;0;0;0;0;0;0;0;0;0;0;0;0;0;0;0;0;0;0;0;1;0;0;0;0;0;0;0;0;0;0;0;0;0;0;0;0;0;0;1;0;0;0;0;16;0;0;0;0;0;0;0;0;0;0;1;0;1;0;0;0;0;0;0;0;0;0;0;0;0;0;0
UIB;No;29/04/2021;4;1;White;0;0;0;0;0;0;0;0;0;0;0;0;0;1;0;0;0;0;0;0;1;0;2;0;0;0;0;0;0;0;2;0;0;0;3;0;0;0;3;0;0;0;0;0;0;5;0;0;0;0;0;0;0;0;0;0;0;0;0;0;0;0;0;0;0;0;0;0;0;0;11;0;0;0;0;0;0;0;0;0;0;0;0;0;0;0;0;0;0;0;1;2;0;0;0;0;0;0;0;0;0;0;0;0;0;0;0;0;0;1;0;1;0;0;0;6;0;0;0;0;0;0;0;0
UIB;No;05/05/2021;5;2;White;0;0;0;0;0;0;0;0;3;0;1;0;0;2;0;0;0;0;0;2;0;0;1;0;0;0;0;0;0;0;2;0;2;0;0;0;0;0;0;0;0;0;0;0;0;7;0;0;0;0;0;0;0;0;0;0;0;0;0;0;0;0;0;0;0;0;0;0;0;0;0;0;1;0;0;0;0;0;0;0;0;0;0;0;0;0;0;0;0;0;0;0;0;0;0;0;1;0;0;0;0;0;0;0;1;0;0;0;0;0;0;0;0;0;0;3;0;0;0;0;0;0;0;0
UIB;No;08/05/2021;5;3;White;1;0;0;0;0;0;0;0;2;0;0;0;0;1;0;0;0;0;0;4;0;0;7;1;0;0;0;0;0;0;5;0;0;0;2;0;0;0;3;0;0;0;0;0;0;11;0;0;0;0;1;0;0;0;0;0;0;0;0;0;0;0;0;0;0;0;0;0;1;0;0;0;0;0;0;0;0;0;0;0;0;0;0;0;2;0;0;0;0;0;0;1;0;0;2;0;8;0;0;0;0;0;0;0;0;4;0;1;0;0;0;0;0;0;0;4;0;0;0;0;0;0;0;0
UIB;No;13/05/2021;5;4;White;0;0;0;0;0;0;0;0;1;0;0;0;0;3;0;0;1;0;0;0;0;0;5;0;0;0;0;0;0;0;1;0;1;0;4;0;0;0;5;0;0;0;0;0;0;5;0;0;0;0;1;0;0;0;0;0;0;1;0;0;0;0;0;0;0;0;0;0;0;0;0;0;0;0;0;0;0;0;0;0;0;0;0;0;1;0;0;0;0;0;0;0;0;0;0;0;5;0;0;0;0;0;0;0;0;3;0;1;0;0;0;0;0;0;0;5;0;0;0;0;0;0;0;0
